순위,제목,저자,출판사,요약
1,구글 엔지니어는 이렇게 일한다,타이터스 윈터스,한빛미디어,지난 50년의 세월과 이 책이 입증한 사실이 한 가지 있습니다. 바로 '소프트웨어 엔지니어링의 발전은 결코 정체되지 않는다'라는 것입니다. 빠른 기술 변화 속에서 소프트웨어 엔지니어링의 중요성이 더욱
2,혼자 공부하는 머신러닝+딥러닝,박해선,한빛미디어,"이 책은 수식과 이론으로 중무장한 머신러닝, 딥러닝 책에 지친 ‘독학하는 입문자’가 ‘꼭 필요한 내용을 제대로’ 학습할 수 있도록 구성했다. 구글 머신러닝 전문가(Google ML expert)로 활동하고 있는 저자는"
3,클린 아키텍처: 소프트웨어 구조와 설계의 원칙,로버트 C. 마틴,인사이트,"“살아있는 전설이 들려주는 실용적인 소프트웨어 아키텍처 원칙”

소프트웨어 아키텍처의 보편 원칙을 적용하면 소프트웨어 수명 전반에서 개발자 생산성을 획기적으로 끌어올릴 수 있다. 《클린 코드》와"
4,한 권으로 읽는 컴퓨터 구조와 프로그래밍,조너선 스타인하트,책만,"컴퓨터는 어떻게 동작하며, 컴퓨터 프로그래밍이란 무엇인가? 개발자가 되기 위해 프로그래밍을 배우는 것은 단지 시작일 뿐이다! 뛰어난 프로그래머가 되려는 개발자는 물론, 비전공자도 재미있게 읽을 수 있는"
5,밑바닥부터 시작하는 딥러닝,사이토 고키,한빛미디어,"『밑바닥부터 시작하는 딥러닝』은 라이브러리나 프레임워크에 의존하지 않고, 딥러닝의 핵심을 ‘밑바닥부터’ 직접 만들어보며 즐겁게 배울 수 있는 본격 딥러닝 입문서다. 술술 읽힐 만큼 쉽게 설명하였고,"
6,운영체제(쉽게 배우는)(IT COOKBOOK 238),조성호,한빛아카데미,"명쾌한 비유와 사례로 쉽게 배우는
운영체제의 구조와 원리

컴퓨터 관련 학과 학생을 대상으로 운영체제의 구조와 원리를 설명한 책입니다. 주요 개념은 일상생활의 사례를 통해 쉽게 이해하고, 개념 간의 관계는"
7,딥러닝 파이토치 교과서,서지영,길벗,"머신 러닝 핵심 알고리즘부터 파이토치 기초, 합성곱 신경망, 설명 가능한 CNN, 순환 신경망, LSTM 같은 딥러닝 알고리즘 이론을 이해하는 데 집중하며, 각 알고리즘을 언제, 어떤 상황에서 사용하면 좋은지도"
8,파이토치 딥러닝 마스터,엘리 스티븐스,책만,"파이토치 핵심 개발진이 직접 집필한 책으로, 최고 실무자가 바로 옆에 앉아서 딥러닝의 기초부터 실제 프로젝트 활용까지, 모델 성능 평가와 개선 방안을 차근차근 알려주는 느낌을 준다! 
텐서, 신경망 같은"
9,파이토치와 유니티 ML-Agents로 배우는 강화학습(위키북스 데이터 사이언스 시리즈 82),민규식,위키북스,"유니티 ML-Agents는 게임 엔진인 유니티를 통해 제작한 시뮬레이션 환경을 강화학습을 위한 환경으로 만들어주는 고마운 도구이다. ML-Agents를 통해 많은 개발자, 연구자들이 원하는 강화학습 환경을 직접 만들"
10,핸즈온 머신러닝(2판),오렐리앙 제롱,한빛미디어,"이 책은 지능형 시스템을 구축하려면 반드시 알아야 할 머신러닝, 딥러닝 분야 핵심 개념과 이론을 이해하기 쉽게 설명한다. 사이킷런, 케라스, 텐서플로를 이용해 실전에서 바로 활용 가능한 예제로 모델을"
11,이펙티브 엔지니어,에드먼드 라우,길벗,"뛰어난 엔지니어와 일반 엔지니어는 무엇이 다른가? 
열심히 일하기와 똑똑하게 일하기는 어떻게 다른가? 
 
구글, 페이스북, 인스타그램, 드롭박스 등 세계 최고 기업의 실제 사례 제시! 
개인과 조직이 당장 &"
12,윤성우의 열혈 자료구조,윤성우,오렌지미디어,"윤성우의『열혈 자료구조』는 자료구조에 대한 기본을 배울 수 있는 개론서이다. 400여 개의 그림을 곁들여 친절하게 설명하였으며, 완성된 예제를 제공하여 학습의 편의를 도모하였다. 더불어 학습의 완성도를"
13,가상 면접 사례로 배우는 대규모 시스템 설계 기초(프로그래밍인사이트),알렉스 쉬,인사이트,"“페이스북의 뉴스 피드나 메신저,유튜브, 구글 드라이브 같은 
대규모 시스템은 어떻게 설계할까?”

IT 경력자라도 느닷없이 대규모 시스템을 설계하려고 하면 막막하다고 느낄 수 있다.특히나 면접을 보는"
14,데싸노트의 실전에서 통하는 머신러닝(Must Have),권시현,골든래빗(주),"★ 실전은 피처 엔지니어링이다
★ 뉴욕의 데이터 사이언티스트가 알려주는
★ 머신러닝 문제풀이 해법을 익혀라
이 책은 실무와 캐글 챌린지에도 통하는 10가지 각 알고리즘을 엄선해 머신러닝을 알려줍니다."
15,MLOps 도입 가이드,데이터이쿠,한빛미디어,"오늘날 데이터 사이언스와 AI는 IT 분야뿐 아니라 제조, 구매, 유통, 마케팅, 반도체, 자동차, 식품 등 산업 전 분야에 걸쳐 기업 생존의 필수 요소로 인식되어 경쟁적으로 도입되고 있다. 이러한 데이터"
16,알고리즘 문제 해결 전략 세트(프로그래밍 대회에서 배우는)(전2권),구종만,인사이트,"프로그래밍 대회에서 배우는『알고리즘 문제 해결 전략 세트』. 프로그래밍 대회 문제를 풀면서 각종 알고리즘 설계 기법과 자료 구조에 대해 배우고, 나아가 문제 해결 능력까지 키울 수 있도록 구성된 책이다."
17,소프트웨어 테스팅 실무(개발자도 알아야할)(3판),권원일,STA,ISTQB 국제 표준적 지식체계 근간 『개발자도 알아야할 소프트웨어 테스팅 실무』. 테스팅을 어려워하는 이들도 실무에 대한 내용을 파악할 수 있도록 소프트웨어 테스팅에 대한 상세한 정보를 제공한다. 테스팅에
18,소프트웨어 테스트 전문가(CSTS) 가이드(개정판),한국정보통신기술협회(TTA),도서출판 홍릉(홍릉과학출판사),"『소프트웨어 테스트 전문가(CSTS) 가이드』는 〈테스트 개요〉, 〈테스트 설계기법〉, 〈테스트 프로세스〉, 〈SW테스트 전문가(CSTS) 자격시험 예제〉를 수록하고 있는 책이다."
19,인공지능 바이블,조민호,정보문화사,"이 책은 인공지능의 숲으로 여행을 떠나는 기분으로 시작한다. 필수적인 과정이 되어버린 인공지능에 대한 원리를 가장 쉽게 설명하고자 하므로 처음 시작하는 사람들이 전반적으로 이해하기 쉽도록 역할과 기능,"
20,밑바닥부터 시작하는 딥러닝 2,사이토 고키,한빛미디어,이 책은 『밑바닥부터 시작하는 딥러닝』에서 다루지 못했던 순환 신경망(RNN)을 자연어 처리와 시계열 데이터 처리에 사용하는 딥러닝 기술에 초점을 맞춰 살펴본다. 8장 구성으로 전체를 하나의 이야기처럼
21,밑바닥부터 시작하는 딥러닝 3,사이토 고키,한빛미디어,"이 책은 ‘밑바닥부터’ 직접 만들어보며 즐겁게 딥러닝을 익히는 시리즈의 장점을 그대로 따랐습니다. 코드 3줄로 시작해 60단계까지 차근차근 구현해보세요. 어느새 파이토치, 텐서플로와 같은 현대적이지만"
22,적정 소프트웨어 아키텍처,조지 페어뱅크스,한빛미디어,"이 책은 소프트웨어 개발을 시작할 때 필요한 실용 가이드북이다. 소프트웨어 아키텍처의 리스크는 무엇인지, 아키텍처 설계 원칙은 어떻게 적용하고 해결하는지, 유관 부서의 실무자를 어떻게 도울 수 있는지"
23,Do it! BERT와 GPT로 배우는 자연어 처리,이기창,이지스퍼블리싱,"사람 말을 알아듣고 처리하는 인공지능은 어떻게 만들까? 이 책은 딥러닝 기반 자연어 처리 기술을 체계적이고 쉽게 배울 수 있는 입문서다. 이 책은 네이버 영화평, 뉴스 댓글, 질의응답 등 한국어 말뭉치로"
24,마이크로서비스 패턴,크리스 리처드슨,길벗, 
25,코딩 테스트를 위한 자료 구조와 알고리즘 with C++,존 캐리,길벗,"67개 문제 풀이로 익히는 C++ 자료 구조와 알고리즘!
코딩 테스트 준비 및 최신 C++ 문법으로 알고리즘을 학습하자!

C++ 자료 구조부터 그리디 알고리즘, 분할 정복 알고리즘, 그래프 알고리즘, 동적 계획법과"
26,AI 상식사전,한규동,길벗,"2016년 알파고와 이세돌의 대결 이후 인공지능과 딥러닝, 머신러닝이 유행처럼 번지고 있다. 하지만 인공지능이 무엇인지 설명할 수 있는 사람은 드물다. 이 책은 평소 인공지능에 대해 알고 싶지만 깊이 있게"
27,텐서플로 2와 머신러닝으로 시작하는 자연어 처리(2판)(위키북스 데이터 사이언스 시리즈 79),전창욱,위키북스,"이 책은 다른 자연어 처리 서적과는 다른 세 가지 특징이 있습니다. 첫째, 자연어 처리에 활용되는 개념적인 설명에서 끝나는 것이 아니라 모델 구현에 집중합니다. 둘째, 실무에서 자연어 처리 문제를 해결하는"
28,만들면서 배우는 파이토치 딥러닝,오가와 유타로,한빛미디어,"딥러닝은 입출력 데이터와 손실함수만 잘 정의한다면 다양한 분야의 과제를 해결할 수 있다. 딥러닝 응용 방법으로 전이학습과 파인튜닝을 활용한 화상(이미지) 분류, 물체 감지, 시맨틱 분할, 자세 추정, GAN을"
29,인공지능은 게임을 어떻게 움직이는가?,미야케 요이치로,이지스퍼블리싱,"전략 게임에 사용하는 인공지능 기술 총망라!
플레이어를 몰입하게 만드는 전략 게임의 인공지능 기술을 파헤쳐보자!
국내에는 처음 소개되는 전략 게임의 인공지능 기술을 정리한 도서로, 전략 게임을 만드는"
30,모두의 딥러닝(3판),조태호,길벗,"비전공자 출신으로 오랜 기간 딥러닝 연구를 해온 저자는 자신이 겪어온 오류들을 겪지 않고, 가장 빠른 길로 딥러닝을 접할 수 있도록 하는 데 중점을 두고 이 책을 집필했다. 누구나 이해할 수 있는 쉽고 편안한"
31,선형대수와 통계학으로 배우는 머신러닝 with 파이썬,장철원,비제이퍼블릭,"『선형대수와 통계학으로 배우는 머신러닝 with 파이썬』은 머신러닝의 기본적인 사용 방법뿐만 아니라 통계학, 선형대수, 최적화 이론 등 머신러닝에 필요한 배경 이론까지 다룬다. 머신러닝 알고리즘을 소개하는"
32,수학과 함께하는 AI 기초(EBS),EBS,EBS한국교육방송공사,"수학과 함께하는 AI 기초: 파이선 프로그래밍 첫걸음

2021년 2학기 고등학교 ‘인공지능’ 교과목 도입 예고
4차 산업 혁명의 미래 인재는 지금, ‘AI’를 시작합니다.

EBS 소프트웨어 (www.ebssw.kr)에서"
33,쉽게 배우는 알고리즘(개정판)(IT Cookbook 한빛 교재 시리즈 229),문병로,한빛아카데미,"귀납적 사고를 통한 문제 해결 기법 훈련

알고리즘에 대한 지식을 기반으로 제대로 프로그래밍을 하는 이들뿐만 아니라, 알고리즘 속에 깃들어 있는 여러 가지 생각하는 방법, 자료구조, 테크닉을 통해"
34,fastai와 파이토치가 만나 꽃피운 딥러닝,제러미 하워드,한빛미디어,"딥러닝 공부는 ‘fastai’를 만나기 전과 후로 나뉜다.
내가 짠 코드가 딥러닝을 한다! 이제 조금 게으르게 살아도 되겠다!
fastai 라이브러리는 딥러닝 응용에 일관된 인터페이스를 최초로 제공하며 ‘모두를"
35,패턴 인식과 머신 러닝(제이펍의 인공지능 시리즈 11),크리스토퍼 비숍,제이펍,"현대 패턴 인식과 머신 러닝의 개념과 효과적 이해를 위한 수학적 사고!

지난 수년간 머신 러닝은 그 어느 때보다도 뜨거운 관심을 받았다. 특히, 2016년 알파고와 이세돌 9단의 대국은 더 많은 사람이"
36,Apache Airflow 기반의 데이터 파이프라인(I♥Cloud 제이펍의 클라우드 시리즈 22),바스 하렌슬락,제이펍,"이 책은 효과적인 데이터 파이프라인을 만들고 유지하는 방법을 설명하고 있으며, 이를 통해 여러분은 다양한 데이터 소스의 집계, 데이터 레이크와의 연결 및 클라우드 배포를 포함해서 가장 일반적인 사용법을"
37,파이썬 딥러닝 파이토치(Python Deep Learning PyTorch),이경택,정보문화사,"이 책은 딥러닝 기술에 초점을 두고 딥러닝을 구현하기 위해 파이썬을 이용하는데, 머신러닝 라이브러리인 파이토치를 활용하여 다양한 텐서를 지원하는 방법을 알아본다. 파이토치는 파이썬 코딩과 비슷하기"
38,미래를 바꾼 아홉 가지 알고리즘(acornLoft),존 맥코믹,에이콘출판,"컴퓨터 세상을 만든 기발한 아이디어들 『미래를 바꾼 아홉 가지 알고리즘』. 오늘날 우리는 궁금한 것이 있으면 인터넷 검색엔진에 검색어를 입력하고, 필요한 물건이 있으면 인터넷 쇼핑몰에서 구입한다. 저자"
39,케라스 창시자에게 배우는 딥러닝(Deep Learning with Python),프랑소와 숄레,길벗,"케라스 창시자이자 구글 딥러닝 연구원인 저자는 ‘인공 지능의 민주화’를 강조한다. 이 책 역시 많은 사람에게 딥러닝을 전달하는 또 다른 방법이며, 딥러닝 이면의 개념과 구현을 가능하면 쉽게 이해할 수 있게"
40,소프트웨어 아키텍처 101,마크 리처즈,한빛미디어,"소프트웨어 아키텍트는 전 세계 연봉 10위 안에 드는 직업이지만, 지금까지 ‘개발자가 아키텍트’로 전향하는 데 실질적으로 도움이 될 만한 지침이 없었다. 이 책은 소프트웨어 아키텍처의 다양한 부분을"
41,알고리즘 구현으로 배우는 선형대수 with 파이썬,장철원,비제이퍼블릭,『선형대수와 통계학으로 배우는 머신러닝 with 파이썬』의장철원 저자가 선형대수 기초를 다잡고 싶은 독자를 위해 집필한 선형대수 책이다. 기초적인 행렬부터 고차원 텐서까지 선형대수를 구성하는 개념 및
42,인공지능을 위한 수학,이시카와 아키히코,프리렉,"머신러닝·딥러닝의 출발점, 수학의 기초부터 튼튼하게!
이 책은 처음부터 끝까지 인공지능(머신러닝, 딥러닝)에 사용하는 수학적 개념을 재조명하는 데 집중하고 있습니다. 먼저, 기본편에서는 인공지능을"
43,OpenCV 4로 배우는 컴퓨터 비전과 머신 러닝,황선규,길벗,"컴퓨터 비전 기초부터 딥러닝 활용까지!

컴퓨터 비전은 컴퓨터를 이용하여 정지 영상 또는 동영상으로부터 의미 있는 정보를 추출하는 학문이다. 즉, 사람의 눈과 뇌가 하는 작업을 수학적 알고리즘을 통해"
44,그래프 신경망 입문,즈위안 리우,에이콘출판,그래프 신경망은 최근 딥러닝의 어떤 분야보다도 빠르게 성장하고 있으며 많은 기업에서 이미 서비스에 적용했다. 이 책은 국내에서 그래프 신경망을 전문적으로 소개하는 첫 책이다. 20개 이상의 관련 모델들을
45,처음 배우는 애저,김도균,한빛미디어,"이 책은 마이크로소프트의 퍼블릭 클라우드 서비스인 애저를 이해하고 다루는 데 필요한 기본기를 쌓으려는 개발자, 시스템 엔지니어, 기술 영업사원, IT 분야 전공자를 대상으로 합니다. 글로벌 서비스 인프라를"
46,파이썬 라이브러리를 활용한 머신러닝(2판),안드레아스 뮐러,한빛미디어,현업에서 머신러닝을 연구하고 인공지능 서비스를 개발하기 위해 꼭 학위를 받을 필요는 없습니다. 사이킷런(scikit-learn)과 같은 훌륭한 머신러닝 라이브러리가 복잡하고 난해한 작업을 직관적인 인터페이스로
47,쉽게 따라하는 NFT 마스터 가이드,티아나 로런스,한빛미디어,"수집의 세계와 블록체인 기술이 대체 불가 토큰, NFT에서 만났다! 이 매력적인 디지털 자산은 다가올 웹3 시대에 자산을 거래하고 추적하는 방식에 새로운 바람을 일으키고 있다. 이 책은 친절한 단계별 가이드를"
48,"머신 러닝 교과서 with 파이썬, 사이킷런, 텐서플로(개정판 3판)",세바스찬 라시카,길벗,코드 실행만으로는 머신 러닝과 딥러닝을 충분히 이해할 수 없다. 머신 러닝과 딥러닝을 제대로 이해하고 싶다면 코드 외에도 관련 이론과 알고리즘의 뒤편에 있는 수학 개념을 알아야 한다. 이 책은 이해를 돕는
49,다시 고등 수학,나가노 히로유키,길벗,"인공지능, 데이터 분석, 경제학, 게임 등 이미 수학은 우리 생활과 밀접하게 연관되어 있다. 이제 수학은 선택이 아닌 필수 과목이 되어 가고 있어 어느 정도 소양을 갖출 필요성을 느끼지만, 지난 문제집이나"
50,운영체제(10판),Abraham Silberschatz,퍼스트북,▶ 이 책은 운영체제론을 다룬 이론서입니다. 운영체제론의 기초적이고 전반적인 내용을 학습할 수 있습니다.
51,ESP32 아두이노 드론 만들고 직접 코딩으로 PID 제어하기,서민우,앤써북,"ESP32 아두이노 드론 만들고, 직접 코딩하여 드론 날리고 PID 제어해보자!

이 책은 내 손으로 직접 조립하고, 코딩하고, 날리고 PID 제어하기 3단계 과정으로 진행된다! 
- 1단계 : ESP32 아두이노 드론을"
52,한 권으로 끝내는 아두이노와 파이썬으로 52개 작품 만들기,장문철,앤써북,이 책은 아두이노를 사용하여 하드웨어를 만들고 파이썬을 이용하여 PC에서 프로그램을 만든 후 서로 통신 및 융합하여 52가지 다양한 작품 만들기를 통해 재미와 학습 두 가지를 모두 할 수 있게 구성하였습니다!
53,딥러닝을 이용한 정형 데이터 분석,마크 라이언,책만,"기업과 공공기관 등 현실에서 맞닥뜨리는 숫자와 표 형식의 정형 데이터셋, 이제는 딥러닝으로 분석하고 풀어내보자. 실세계 정형 데이터셋을 정리하고 케라스 프레임워크로 딥러닝 모델을 훈련시켜, 웹 페이지와"
54,머신러닝·딥러닝 문제해결 전략(Must Have),신백균,골든래빗(주),이 책에는 수많은 캐글 수상자의 노트북을 리팩터링하며 찾아낸 공통된 패턴이 담겨 있습니다. 이 책과 함께 체계적인 머신러닝·딥러닝 문제해결 프로세스를 숙달해보세요. 단순 따라하기에서 벗어나 어떤 점을
55,파이썬 머신러닝 판다스 데이터 분석,오승환,정보문화사,파이썬 초급자나 중급자가 데이터 분석과 머신러닝을 배우고자 마음먹었다면 이 책을 선택해야 한다. 필수 라이브러리를 소개하고 설치부터 예제 코드를 따라 하면서 자연스럽게 익숙해지도록 안내하고 있기
56,소프트웨어 테스팅 2(문제로 배우는)(2판),권원일,STA,"- 독자대상 : 국제 소프트웨어 테스팅 수험생 
- 구성 : 문제
- 특징 :
① 최신 출제경향을 반영하여 ISTQB FL 실러버스 2011 버전을 분석함
② 풍부한 문제와 그에 따른 실무관점의 정확한 해설로 지식체계를"
57,컴퓨터 비전(Computer Vision)(IT CookBook 168),오일석,한빛아카데미,"컴퓨터 비전의 기본 이론 및 최신 방법론을 살펴보려는 학생/개발자/연구자를 위한 책이다. 기본 뿌리인 동작 원리를 이해함으로써 문제 해결력을 기르고, 효과적인 컴퓨터 비전 시스템 설계 능력까지 키울 수"
58,수학으로 풀어보는 강화학습 원리와 알고리즘(위키북스 데이터 사이언스 시리즈 73),박성수,위키북스,"이 책은 딥러닝이나 강화학습 예제를 코딩하면서 그 배경 알고리즘의 유도 과정을 궁금해하는 사람을 위한 책이다. 술술 읽히는 책은 아니지만, 그렇다고 심하게 어려운 책도 아니다. 수학의 선수 지식으로 대학"
59,클린 아키텍처(만들면서 배우는)(위키북스 IT Leaders 시리즈 34),톰 홈버그,위키북스,"우리 모두는 낮은 개발 비용으로 유연하고 적응이 쉬운 소프트웨어 아키텍처를 구축하고자 한다. 그러나 불합리한 기한과 쉬워보이는 지름길은 이러한 아키텍처를 구축하는 것을 매우 어렵게 만든다.

이 책에서는"
60,NFT 실체와 가치,장세형,위키북스,"NFT의 본질은 토큰입니다. 토큰을 제대로 이해하지 않고서는 NFT의 실체를 이해할 수 없습니다. 이 책에서는 NFT의 본질과 실체를 상세히 설명합니다. 또한, 이런 NFT의 진정한 가치가 무엇이며 블록체인 생태계,"
61,양자 컴퓨터 원리와 수학적 기초,크리스 베른하트,에이콘출판,"기본적인 수학 배경지식을 갖춘 독자를 대상으로 양자 컴퓨터의 기본 원리를 설명하는 이론서다. 얽힘, 중첩 등 양자 컴퓨터의 바탕이 되는 양자역학적 개념의 수학적 모델을 가급적 단순화해서 설명하므로,"
62,실무자를 위한 딥러닝(데이터 과학),로널드 크누젤,에이콘출판,"딥러닝과 머신러닝의 초보 실무자나 실무 관리자를 위한 책이다. 딥러닝과 머신러닝은 데이터가 가장 중요하며, 데이터에서 모든 것이 시작된다. 데이터를 어떻게 다듬고, 구성하고, 사용해야 하는지를 상세히"
63,이벤트 기반 마이크로서비스 구축,애덤 벨메어,한빛미디어,"이벤트 기반 마이크로서비스 아키텍처를 소개하는 실무 개론서다. 구조, 통신, 통합, 배포 등 기본 개념을 그림과 함께 구체적으로 설명한다. 따라서 이벤트 기반 시스템 구축 방식을 마이크로서비스로 전환하고자"
64,살아 움직이는 머신러닝 파이프라인 설계,하네스 하프케,한빛미디어,"효율의 끝판왕, 머신러닝 파이프라인으로 가장 손쉽게 자동화를 구축하는 방법!
많은 기업이 머신러닝 프로젝트에 수백억씩 투자한다. 안타깝지만 모델을 효과적으로 배포하지 못하면 엄청난 투자가 성과로"
65,XGBoost와 사이킷런을 활용한 그레이디언트 부스팅,코리 웨이드,한빛미디어,"이 책은 기본적인 머신러닝과 판다스부터 사용자 정의 변환기, 파이프라인과 희소 행렬로 새로운 데이터의 예측을 만드는 강력한 XGBoost 모델 튜닝까지 모두 다룹니다. 또한 XGBoost의 탄생 배경과 XGBoost를"
66,기계는 어떻게 생각하는가?,숀 게리시,이지스퍼블리싱,"미래는 벌써 우리 곁에 다가와 있다. 자율 주행차가 도로를 달리고, 알고리즘이 내가 좋아하는 영화와 TV 프로그램을 추천해 주며, IBM 왓슨은 TV 퀴즈 쇼 〈제퍼디!〉에서 우승을 거두었고, 알파고는 이세돌을"
67,소프트웨어 장인(로버트 C. 마틴 시리즈),산드로 만쿠소,길벗,"이 책에서 풀어낸 소프트웨어 장인정신의 프로페셔널리즘, 기술적 탁월함, 고객 만족은 애자일, 린(lean) 원칙들과 시너지를 일으켜 소프트웨어 업계를 한 단계 도약시킬 수 있다. 또한 프로젝트와 개발자를 공장"
68,ROS 2로 시작하는 로봇 프로그래밍,표윤석,루비페이퍼,이 책은 ROS 공식 플랫폼인 TurtleBot3의 개발자이자 10여 년간 ROS 기반 프로젝트를 진행한 로보틱스 엔지니어인 필자들이 실무에서 얻은 경험과 커뮤니티 활동을 바탕으로 작성한 ROS 로봇 프로그래밍
69,단단한 강화학습(아이러브 인공지능 27),리처드 서튼,제이펍,인공지능 분야에서 가장 활발하게 연구되고 있는 분야 중 하나인 강화학습은 복잡하고 불확실한 환경과 상호작용하는 학습자에게 주어지는 보상을 최대화하는 수치 계산적 학습 방법이다. 리처드 서튼과 앤드류
70,문과계열 비전공자를 AI 활용 인재로 만들어주는 책,오니시 가나코,아티오,"개발자가 아닌 기획, 영업, 홍보, 인사, 총무 등의 일반 업무를 담당하는 사람들이 인공지능을 제대로 이해하고 관리하며, 개발자와 소통하면서 제대로 활용할 수 있는 기술을 설명합니다. 실제로 인공지능을"
71,블록체인 인 액션,비나 라마머시,제이펍,"블록체인은 단순한 비트코인 뒤에 있는 기술 그 이상의 많은 것을 포함하고 있다. 관통할 수 없는 보안, 탈중앙화된 트랜잭션, 그리고 독립적으로 검증 가능한 서플라이 체인을 결합함으로써 블록체인"
72,단단한 심층강화학습(I.A.I. 37),로라 그레서,제이펍,"이 책은 이론과 실무적 내용을 독특하게 결합한 심층강화학습 소개서입니다. 직관적인 설명에서 시작하여 심층강화학습 알고리즘에 대한 자세한 설명과 SLM Lab 라이브러리를 이용한 구현 방법으로 이어지고,"
73,그림으로 배우는 양자 컴퓨터,미나토 유이치로,영진닷컴,"수학이나 물리학, 프로그래밍에 관한 사전 지식이 없어도 양자 컴퓨터의 원리와 구조를 이해할 수 있습니다. 이 책은 양자의 기본적인 성질과 계산 기초 원리부터 자세하게 설명하여 양자 컴퓨터 이론을 알기 쉽게"
74,그래서 컴퓨터는 어떻게 동작하나요?(Programming Insight 시리즈),J. 클라크 스코트,인사이트,우리는 흔히 컴퓨터를 매우 복잡한 기계라고 생각합니다. 그런데 이 책은 컴퓨터가 실은 간단한 부품을 차곡차곡 쌓아 올려 만든 단순한 기계이며 이러한 부품들이 상호 작용하는 방법을 이해하면 컴퓨터의 동작
75,누워서 읽는 알고리즘,임백준,한빛미디어,"[누워서 읽는 알고리즘]은 실전 프로그래밍을 업으로 삼고 있는 독자와 함께 가볍게 ‘수다’를 떨면서 우리가 매일 수행하는 ‘일’이 얼마나 재미있는지, 얼마나 아름다운지, 그리고 얼마나 창조적인지를"
76,으뜸 데이터 분석과 머신러닝,박동규,생능출판,"이 책의 특징
이 책은 데이터 분석을 처음 시도하는 독자들을 위하여 아나콘다라는 주요 개발도구의 설치와 주피터 노트북의 세부 메뉴를 하나하나 소개하며 시작하지만 데이터 분석의 종착지인 인공 지능의 핵심"
77,Introduction to Algorithms(양장본 HardCover),토머스 코멘,한빛아카데미,"개정 3판에서는 많은 변화를 통해 완성도가 한층 강화되었다. 먼저 반 엠데 보아스 트리와 멀티스레드를 다루는 장이 추가되고, 점화식이 분할정복 장으로 정비되었다. 그리고 동적 프로그래밍과 그리드"
78,나는 오렌지로 데이터 분석한다,임진숙,씨마스,"Orange3는 기계학습과 데이터 분석을 위한 오픈소스 소프트웨어로, 어려운 수학 공식과 복잡한 텍스트 코딩 없이 캔버스 위로 위젯을 드래그하고 드롭하는 간단한 과정을 통해 데이터를 분석할 수 있기 때문에"
79,버그 정글을 헤쳐 가기 위한 테스터 지침서,최준현,자유아카데미, 
80,"XAI 설명 가능한 인공지능, 인공지능을 해부하다(위키북스 데이터 사이언스 시리즈 53)",안재현,위키북스,"XAI(eXplainable Artificial Intelligence)는 인공지능의 판단 이유를 설명하는 연구 분야로, 인공지능 기술이 확대되면서 그 필요성이 함께 증가하고 있습니다. 이것은 알고리즘의 설계자조차 인공지능의 판단"
81,머신러닝 시스템 디자인 패턴(AI 엔지니어를 위한)(위키북스 데이터 사이언스 시리즈 75),시부이 유우스케,위키북스,"머신러닝을 시스템에 도입하고 유용하게 활용하기 위해서는 그에 맞는 설계나 구현이 필요하다. 

이 책은 머신러닝을 실제 시스템에 탑재해 운용하기 위한 노하우를 기록한 사례집이자, 머신러닝 시스템의 디자인"
82,생물정보학 알고리듬 3/e(데이터 과학),필립 콤포,에이콘출판,"과학 기술의 발달로 인류는 유전체의 정보를 염기서열 단위까지 좁혀서 생명체의 비밀을 밝혀내고 있다. 생명체에서 나오고 있는 데이터는 인류 역사상 가장 큰 규모의 데이터 크기를 자랑하고 있으며, 점점 더"
83,디지털 트윈 개발 및 클라우드 배포,나심 칼레드,에이콘출판,"디지털 트윈은 메타버스와 함께 가상세계와 현실세계를 이어주는 플랫폼으로, 물리적 자산 및 프로세스를 소프트웨어로 표현하는 기술을 의미한다. 이 책에서는 디지털 트윈을 배포하기 위해 사용하는 핵심"
84,그림으로 배우는 딥러닝,앤드류 글래스너,에이콘출판,"복잡한 수식과 코드 없이 머신러닝과 딥러닝을 배우는 데 꼭 필요한 이론을 배울 수 있도록 구성했다. 필수로 익혀야 하는 통계 이론과 머신러닝의 기초 지식, 여러 딥러닝 구조와 응용 분야를 최대한 쉽게"
85,자연어 처리의 정석(데이터 과학),제이콥 에이젠슈테인,에이콘출판,자연어 처리와 머신러닝/딥러닝을 통합하고 해당 과정들을 자세하게 설명하는 책이다. 전통적인 통계 기반의 자연어 처리 방법에서 시작해 최근의 딥러닝/머신러닝 방법을 사용한 자연어 처리 방법까지 다룬다.
86,고객 리텐션의 전략(데이터 과학),칼 골드,에이콘출판,"반복적인 수익과 판매에 의존하는 모든 비즈니스에서 고객의 활동성과 참여를 유지하는 것은 매우 중요하다. 고객의 이탈은 비용이 많이 들고, 회사에 좌절감을 줄 수 있다. 이 책에서 설명하는 기술을"
87,파이토치로 배우는 자연어 처리,델립 라오,한빛미디어,"자연어 처리(NLP)는 인공지능이 지닌 무한한 능력을 이용해 애플 시리, 아마존 알렉사, 구글 번역 등과 같은 제품을 탄생시켰다. 복잡하고 어렵게만 여겨지던 자연어 처리는 파이썬 기반 딥러닝 라이브러리인"
88,딥러닝 텐서플로 교과서,서지영,길벗,"머신 러닝 핵심 알고리즘부터 합성곱 신경망, 설명 가능한 CNN, 순환 신경망, LSTM 같은 딥러닝 알고리즘 이론을 이해하는 데 집중하며, 각 알고리즘을 언제, 어떤 상황에서 사용하면 좋은지도 함께 살펴본다."
89,구글 브레인 팀에게 배우는 딥러닝 with TensorFlow.js,샨칭 차이,길벗,"딥러닝은  컴퓨터 비전, 이미지 처리, 자연어 처리 등 다양한 분야에 변화를 불러왔다. 이제 자바스크립트 개발자는 파이썬이나 R에 의존하지 않고 TensorFlow.js를 사용하여 딥러닝 모델을 구축할 수 있다. 이"
90,가장 쉬운 AI<인공지능> 입문서,오니시 가나코,아티오,"이 책은 인공지능의 원리에 대해 쉽게 이해할 수 있도록 다양한 사례를 들어 설명하고, 미래에 인간과 인공지능이 공존하는 방법에 대하여 설명하고 있다. 특히 인공지능의 핵심 이론인 머신러닝, 딥러닝에 대한"
91,임종수의 STM32 Cortex-M 완벽활용서 Vol 1,임종수,버무림,"이 책은 여러분을 STM32 MCU Coding 전문가로 만들어 줄 선물과 같은 책이다. 

누구나 살아가면서 하고 싶은 일이 있을 것이고, 그리고 정렬적으로 그 일을 쟁취해 나가면서 성공한 자신의 모습을 상상해 본"
92,컴퓨터 프로그램의 구조와 해석(2판)(Program Programming Programmer 3),해럴드 애빌슨,인사이트,"[컴퓨터 프로그램의 구조와 해석]은 MIT 컴퓨터 과학 입문 교과 과정에서 쓰는 교과서로, 프로그래밍 언어 문법이 아닌 프로그램의 뼈대를 구성하는 기술을 익히게 도와주는 책이다."
93,머신 러닝 딥 러닝에 필요한 기초 수학 with 파이썬(프로그래밍인사이트),조준우,인사이트,이 책은 소위 머신 러닝·딥 러닝 ‘왕초보’라 할 수 있는 분들을 대상으로 약 2년간 여러 차례 강의를 진행한 콘텐츠를 토대로 만들어졌습니다. 저자는 강의를 하는 동안 독자의 눈높이에 맞게 내용들을
94,VERILOG HDL 디지털 설계와 합성의 길잡이(한국어판),SAMIR PALNITKAR,도서출판 홍릉(홍릉과학출판사),"이 책은 이미 경험이 있는 사용자와 초보자 모두를 위해 쓰여진 책이며, Verilog HDL을 광범위하게 다루고 있다. 프로그래밍 언어적인 관점에만 국한되지 않고 Verilog의 실제적인 설계와 합성을 광범위하게"
95,소프트웨어 요구사항 3(위키북스 IT Leaders 시리즈 26),칼 위거스,위키북스,모든 소프트웨어 프로세스 개선에서 요구사항 관례 개선이 가장 유익한 결과다. 이 책에서는 요구사항 관례 개선을 위해 현장에서 실질적으로 도움이 되는 입증된 기법들을 설명한다. 효율적인 요구공학 방법을
96,Code Complete 코드 컴플리트 2/E(위키북스 IT Leaders 시리즈 27),스티브 맥코넬,위키북스,"《Code Complete 2》는 소프트웨어 구현을 둘러싼 다양한 비유부터 기초적인 프로그래밍, 시스템 구축, 소프트웨어 장인정신에 이르기까지 소프트웨어 업계에 종사하는 분이라면 누구나 읽어야 할"
97,딥러닝을 위한 수학(위키북스 데이터 사이언스 시리즈 52),아카이시 마사노리,위키북스,"딥러닝의 본질을 이해하는 데 필요한 ‘수학'을 ‘최단 코스'로 배울 수 있습니다! 이 책은 미분과 벡터, 행렬과 확률과 같은 딥러닝에 필요한 수학을 고등학교 1학년 수준부터 복습해 나가면서 설명하고"
98,헬로! 인공지능 생활코딩 머신러닝: 이론편(위키북스 헬로! 인공지능 시리즈 1),이고잉,위키북스,"인공지능은 현대인이라면 교양과 상식으로 누구나 알아야 합니다. 초등 교육 과정을 비롯해 아이들의 정규 교육 과정에도 포함될 예정이라고 합니다. 하지만 어떻게 시작할지 망설여지고, 내가 과연 배울 수"
99,실전! 파이토치 딥러닝 프로젝트(데이터 사이언스 시리즈 76),아쉬쉬 란잔 자,위키북스,"파이토치(PyTorch)를 활용하면 누구나, 그 어느 때보다 쉽게 딥러닝 애플리케이션을 구축해 AI 혁명에 동참할 수 있다. 이 책은 여러분이 가진 데이터를 최대한 활용해 복잡한 신경망 모델을 구축하는 전문 기술을"
100,실전 금융 머신러닝 완벽 분석(에이콘 금융 퀀트 머신러닝 융합 시리즈),마르코스 로페즈 데 프라도,에이콘출판,"2019년 대한민국학술원 우수학술도서 선정도서

머신러닝을 금융에 적용하는 방법을 알려주며, 이론 연구를 넘어선 실전 경험을 바탕으로 어떠한 장점과 위험이 존재하는 것인지 빠짐없이 설명한다. 저자가 20년"
101,양자 컴퓨팅 입문,파라그 랄라,에이콘출판,"양자역학에 대한 사전 지식이 없는 이들에게 양자 컴퓨팅 시스템의 개념과 작동 방식을 간결하게 설명하는 책이다. 고전 물리학과 선형 대수, 기초적인 디지털 설계를 접한 적은 있으나 양자 정보 처리에는"
102,생명과학을 위한 딥러닝(데이터 과학 시리즈),바라스 람순다르,에이콘출판,로봇 공학의 발전으로 수많은 생명과학 실험들은 자동화돼 엄청난 양의 데이터를 만들어 낸다. 현대 생명 과학자들은 거대한 데이터 속에서 숨겨진 패턴을 찾고 지식을 얻어 과학적 결론을 도출해내는 능력이
103,자동머신러닝,프랭크 허터,에이콘출판,머신러닝과 딥러닝의 민주화라는 모토하에 자동머신러닝이 급속히 발전하고 있다. 이 책은 자동머신러닝의 이론적 기반과 이를 구현하는 시스템의 작동 원리를 자동머신러닝의 창시자들이 제공하고 있다.
104,실전 알고리듬 트레이딩 레벨업(금융 퀀트 머신러닝 융합),안드레아스 F. 클레노우,에이콘출판,실전 트레이딩의 기초부터 고급 전략까지 총망라해서 다룬다. 전략을 테스트하는 최첨단 파이썬 백테스트 기법(Zipline)을 제공해 독자들이 자신만의 트레이딩 전략을 구축하고 검증할 수 있도록 돕는다. 이 책은
105,서비스 메시 마스터,안잘리 카트리,에이콘출판,"마이크로서비스 아키텍처를 더 잘 활용할 수 있는 서비스 메시 아키텍처를 소개한다. 서비스 메시 아키텍처를 구현하면 마이크로서비스가 가지고 있는 복잡성, 테스트의 어려움과 같은 문제를 조금 더 쉽게 해결할"
106,펭귄브로의 3분 딥러닝 파이토치맛,김건우,한빛미디어,"이 책은 파이토치로 인공지능을 구현하는 방법을 알려줍니다. 인공지능 입문자를 위한 기초 지식과 최신 인공지능 구현 방법인 인공신경망 기술을 사례를 통해 알아봅니다. 지도학습 방식의 ANN, DNN, CNN, RNN을"
107,머신러닝 디자인 패턴,발리아파 락슈마난,한빛미디어,"디자인 패턴이란 전문가 수백 명의 경험을 간단하고 접근하기 쉽게 체계화한 것이다. 이 책에는 데이터의 표현, 운영, 반복성, 재현성, 유연성, 설명 가능성, 공정성에 대한 30가지 디자인 패턴이 담겨 있다. 각"
108,AI로 일하는 기술,장동인,한빛미디어,"알파고를 시작으로 메타버스, 자율주행, 주식, 예술 활동을 넘어 이제 인공지능이 면접까지 보는 시대가 왔다. 변화하는 시대에 적응하지 못하면 모두가 인공지능에 대체되지 않을까 하는 두려움마저 든다. 이"
109,비전 시스템을 위한 딥러닝,모하메드 엘겐디,한빛미디어,"컴퓨터 비전은 최근 인공지능과 딥러닝의 눈부신 발전과 함께 얼굴 인식, 의학 영상, 자율주행 등 다양한 산업에서 괄목할 만한 성과를 보여주고 있다. 그중 가장 흥미로운 기술은 주행 시 전방의 차량이나"
110,러닝 Go,존 보드너,한빛미디어,"Go 언어는 웹 서비스 개발자가 선호하는 언어로 빠르게 자리 잡고 있다. 다른 프로그래밍 언어로 개발한 경험이 있는 개발자들에게 Go 언어의 문법을 알려주는 튜토리얼은 많지만, 그것만으로는 부족하다. 이 책은"
111,똑똑한 코드 작성을 위한 실전 알고리즘,조지 하이네만,한빛미디어,"좀 더 똑똑한 코드로 프로그램 성능을 향상하고 싶다면 이 책을 펼쳐보자. 이 책은 소프트웨어 개발에서 가장 많이 활용되는 핵심 알고리즘을 각각 언제, 어떻게 사용하면 좋은지 단계별로 상세히 알려준다."
112,Do it! 딥러닝 교과서,윤성진,이지스퍼블리싱,"딥러닝 입문자도, 실무자도 모두 이 책으로 딥러닝 공부를 시작하자! 지금까지 등장한 딥러닝 기술들은 모두 딥러닝 기초 모델을 변형하여 발전한 것이다. 즉, 최신 딥러닝 논문이나 기술을 쉽게 공부하고 제대로"
113,누구나 자료 구조와 알고리즘(2판),제이 웬그로우,길벗,"사칙 연산으로 복잡한 알고리즘을 쉽게 이해해보자

수학 용어와 전문 용어가 아니어도 이해한다
이 분야의 책은 대부분 컴퓨터 공학 전공자를 대상으로 쓰였거나 고등학교 수학을 잘 안다고 가정하고 있다. 쉽게"
114,아두이노 입문 + 실전(종합편)(한 권으로 끝내는),서민우,앤써북,"400쪽의 분량에 130여개의 단계별 초수/중수/고수 예제 실습과 실전 프로젝트 만들까지 아두이노의 모든 것이 최신 버전으로 업그레이드되어 한 권에 담겨있습니다.

이 도서는 아두이노를 처음 접하는"
115,"아두이노 자동차의 모든 것: 아두이노, 메이커, C언어, 자동차",장문철,앤써북,"이 책은 아두이노를 이용하여 프로그램 언어를 배우고 하드웨어를 제어하고 다음과 같은 자동차를 완성할 수 있도록 구성하였습니다. 

- 적외선센서를 이용한 라인트레이서 자동차 
- 초음파센서를 이용한 장애물"
116,알고리즘 도감,이시다 모리테루,제이펍,"앱과 함께 직관적으로 배우는 알고리즘 학습서!
그림으로 기억하는 그래프 탐색 & 정렬 리스트 수록!
출시 1년도 안 되어 50만 회 이상 다운로드되었고, ‘애플이 선택한 2016년 베스트 앱’으로도 선정된"
117,심층 학습(제이펍의 인공지능 시리즈 13),이안 굿펠로,제이펍,"심층 학습의 다양한 주제를 소개하는 『심층 학습』. 심층 학습에서는 컴퓨터가 경험에서 지식을 수집하므로, 컴퓨터에 필요한 모든 지식을 사람(컴퓨터 운영자)이 일일이 지정할 필요가 없다. 그리고 개념들의"
118,단단한 머신러닝(아이러브 인공지능 24),조우쯔화,제이펍, 
119,자연어처리 바이블(고려대학교 정보대학 교재시리즈),임희석,휴먼싸이언스,"『자연어처리 바이블』은 자연어처리의 핵심 원리, 응용시스템, 그리고 딥러닝 기반 자연어처리까지 자연어처리의 모든 분야를 다루고자 노력하였다. 참고문헌은 쉽게 찾아볼 수 있도록 각 장의 마지막에"
120,"핵심 딥러닝 입문: RNN, LSTM, GRU, VAE, GAN 구현",아즈마 유키나가,책만,현 시점에서 개발자가 꼭 알아야 할 최신 딥러닝 기술들만을 골라 수식과 코드를 번갈아가며 매우 이해하기 쉽게 알려준다. 간결하고 이해하기 쉬운 예제 코드들을 하나 하나 따라 해가다 최종적으로 실전에서도
121,인공지능 1(4판)(제이펍의 인공지능 시리즈 33),스튜어트 러셀,제이펍,"‘인공지능 바이블’로 통하는 이 책은 이미 3판에서도 인공지능 연구의 결정판으로서의 위치를 확고히 한 바 있다. 최소 134개국 1,529개 이상의 대학에서 교재로 사용하고 있으며(미국에서만 554개 대학에서"
122,인공지능 2(4판)(제이펍의 인공지능 시리즈 33),스튜어트 러셀,제이펍,"‘인공지능 바이블’로 통하는 이 책은 이미 3판에서도 인공지능 연구의 결정판으로서의 위치를 확고히 한 바 있다. 최소 134개국 1,529개 이상의 대학에서 교재로 사용하고 있으며(미국에서만 554개 대학에서"
123,Gpu의 모든 기술(머신러닝과 블록체인을 떠받치는),Hisa Ando,남가람북스,"이 책은 GPU의 기본 구조와 기술 동향에 초점을 맞춘 해설서입니다. 3D 그래픽, 게임, 모바일, VR/AR, 과학 기술 계산, 그리고 인공지능/딥러닝에 이르기까지 폭넓은 분야에서 GPU/병렬 계산의 중요도는 계속"
124,바닥부터 배우는 강화 학습,노승은,영진닷컴,"강화 학습 기초 이론부터 블레이드 & 소울 비무 AI 적용까지
이 책은 강화 학습을 모르는 초보자도 쉽게 이해할 수 있도록 도와주는 입문서입니다. 현업의 강화 학습 전문가가 직접 설명해 강화 학습에 가장"
125,딥러닝을 위한 파이토치 입문,딥러닝호형,영진닷컴,"구글의 음성인식, 인공지능 시스템 개발, 손상된 사진 복원 등 딥러닝 기술은 여러 분야와 실생활에서 다양하게 적용되고 있다. 이 책은 파이썬 기반의 오픈소스 머신러닝 라이브러리인 파이토치를 활용하여"
126,OS가 보이는 그림책,"ANK Co., Ltd.",성안당,"이 책은 운영제제(OS, Operating System)를 그림으로 가장 쉽게 배울 수 있는 입문서로 [OS가 보이는 그림책]의 1판 4쇄이다. 

일반적인 컴퓨터 사용자 중에도 ‘운영체제’나 ‘OS’라는 말을 들어본 적은"
127,한눈에 보이는 인공지능 그림책,한선관,성안당,"세상에서 가장 쉬운 인공지능 책이 있을까? 인공지능을 쉽게 이해하려면 어떻게 무엇으로 봐야할까? 큰 주제와 글보다 많은 그림과 도해, 한두 페이지만 넘기면 끝나는 큼직큼직한 주제 단원들로 연결되는 이 책은"
128,만화로 쉽게 배우는 CPU,Michio Shibuya,성안당,"IT 기술의 핵심, CPU 동작원리 이해하기!

 IT 기술은 인터넷이 시장에서 활용되기 시작한 1950년대부터 점차 주목받고 있으며, 그 기술을 떠받치는 두뇌의 중심에는 CPU(중앙 연산 처리 장치)라 불리는 반도체"
129,소프트웨어 공학(전면개정판 3판)(핵심 정보통신기술 총서 4),삼성SDS 기술사회,한울아카데미,"정보통신기술 분야 명품 참고서
최신 기술 흐름 반영, 더 쉽고 충실한 설명

1999년 첫 발간 이후 기술사 수험생 및 실무자의 필독서이자 정보통신기술 분야 종사자의 실전 지침서로 확고하게 자리매김한 '핵심"
130,코딩책과 함께 보는 인공지능 개념 사전,김현정,궁리,"“인공지능 기술이 우리 생활에 없어서는 안 될 핵심 기술로 자리매김함에 따라 인공지능 교육에 대한 관심도 높아지고 있습니다. 정부에서는 인공지능 기술 확산에 다양한 정책을 펼치고 있고, 2025년부터"
131,모두를 위한 인공지능과 윤리,김성애,삼양미디어,"본 도서는 미국의 AI4K12에서 제안한 인공지능의 5가지 빅 아이디어를 토대로 인공지능에 대한 원리와 윤리적 이슈에 대한 이해를 균형감 있게 다루기 위해 세 가지 접근 방식을 고려해 구성하였다.
첫째, 5가지"
132,구글은 소프트웨어를 어떻게 테스트하는가(에이콘 소프트웨어 테스팅 시리즈 5)(Paperback),제임스 휘태커,에이콘출판,"『구글은 소프트웨어를 어떻게 테스트하는가』에서 테스팅 전문가인 저자들은 구글 현직 테스팅 전문가들과의 사내 인터뷰를 통해, 구글의 소프트웨어 테스팅 기법과 도구와 최신 사례를 소개하고, 품질을"
133,소프트웨어 빌드 시스템 원리와 활용,피터 스미스,에이콘출판,"[소프트웨어 빌드 시스템 원리와 활용]은 소프트웨어 빌드 시스템의 기본 개념, 빌드 도구의 특징, 모범 사례 등을 소개한 책이다. 1부에서는 빌드 시스템의 기초에 대해 설명하고, 2부에서는 대중성과 소프트웨어"
134,RabbitMQ 따라잡기(acorn+PACKT 시리즈),데이비드 도소트,에이콘출판,『RabbitMQ 따라잡기』는 가상의 기업을 소개하고 실생활에서 다뤄지는 문제를 해결하기 위해 도입되어야 할 메시징 시스템을 제시한다. 아울러 실제 사용 가능한 소스 코드와 이를 보완해나가는 각 장의 구성은
135,컴퓨터 구조 및 설계(6판),David A. Patterson,한티미디어,현대의 최신 컴퓨터 기술은 복합적이어서 컴퓨터 전문가라면 전공 분야와 상관없이 하드웨어와 소프트웨어를 모두 잘 이해해야 한다. 다양한 수준에서 일어나는 하드웨어와 소프트웨어 간의 상호작용이 현대
136,리버싱 핵심 원리,이승원,인사이트,악성 코드 분석가의 리버싱 이야기『리버싱 핵심 원리』. 프로그램의 내부를 깊이 들여다보고 조작할 수 있는 기법인 ‘리버싱’에 필요한 핵심 원리를 50여개 장을 통해 꼼꼼하게 설명한 책이다. 리버싱 기술의
137,마이크로서비스 아키텍처 구축,샘 뉴먼,한빛미디어,"마이크로서비스는 기존 대용량 시스템의 복잡성과 운영 ㆍ배포 ㆍ유지보수의 문제점을 해결할 새로운 대안이다. 이 책은 마이크로서비스 아키텍처를 구축, 관리할 때 고려할 문제와 이에 관한 포괄적 시각과"
138,소프트웨어 공학의 모든 것,최은만,생능출판,이 책은 한 마디로 프로그래머를 소프트웨어 엔지니어 되게 하는 모든 것을 담고 있다. 프로그래머는 단순히 코딩에 머무르지만 소프트웨어 엔지니어는 개발 모든 과정을 이해하고 수행할 능력을 갖추고 있다.
139,"AI, 빅데이터 활용이 쉬워지는 142가지 데이터셋",반병현,생능북스,AI와 빅데이터 관련 연구나 개발 업무를 위해서는 먼저 데이터셋을 만들거나 검증된 데이터셋을 찾아야 합니다. 이 책은 여러 분야별로 검증된 데이터셋만을 소개하고 저작권과 관련 논문까지 안내하고 있습니다.
140,자료구조의 이해(파이썬과 함께하는),양성봉,생능출판,컴퓨터를 전공하는 학생들에게 자료구조는 아무리 강조해도 지나치지 않을 만큼 중요한 전공과목이다. 컴퓨터 전공의 근간이 되는 프로그래밍 언어를 잘 이해하고 있더라도 자료구조에 대한 기본지식 없이 실제
141,AVR ATmega128 마이크로컨트롤러(쉽게 배우는)(개정판),김진환,생능출판,이 책은 Atmel社에서 개발한 AVR계열 마이크로컨트롤러인 ATmega128의 효과적인 학습을 위해 제작된 것으로 다년간의 마이크로프로세서 및 마이크로컨트롤러 강의를 하면서 느껴왔던 점들을 고려하여 집필한
142,C로 쓴 자료구조론(2판),Ellis Horowitz,교보문고,"권위있는 자료 구조 교과서 『C로 쓴 자료구조론』. 2판에서는 배열, 스택, 큐, 연결 리스트, 트리, 그래프와 같은 자료구조와 모든 소프트웨어의 기반을 이루고 있는 정렬 및 해싱과 같은 기법에 대해"
143,조엘 온 소프트웨어,조엘 스폴스키,에이콘출판,"소프트웨어 개발내용을 다뤄 개발자들에게 인기가 높은 블로그인 조엘 온 소프트웨어 블러그에 실렸던 기사 중에서 유쾌하고 핵심을 찌르는 베스트 기사만 뽑아내 엮은 책으로, 개발자/관리자/CEO를 불문하고"
144,NoSQL & Redis(빅데이터 저장 및 분석을 위한),주종면,데이터북,"ㆍ 도서 특징
⑴ Redis의 주요 구조와 기술들을 도형 그림을 통해 체계적인 설명과 원리 위주로 학습합니다.
⑵ 각 장에서 소개하는 기술들에 대해 실습이 가능하도록 구성되어 있습니다. Redis의 핵심 솔루션"
145,Operating System Concepts 에센셜(2판),Abraham Silberschatz,도서출판 홍릉(홍릉과학출판사),▶ 이 책은 운영체제론을 다룬 이론서입니다.
146,Teaching AI(한국어판),MIchelle Zimmerman,도서출판 홍릉(홍릉과학출판사),이 책은 인공지능 학습을 위한 뉴 프런티어의 탐구에 대해 다룬 도서입니다. 기초적이고 전반적인 내용을 확인할 수 있도록 구성했습니다.
147,머신러닝 데이터 분석(오렌지3로 알아가는),손원성,홍릉,이 책은 머신러닝 데이터 분석에 대해 다룬 도서입니다. 머신러닝 데이터 분석에 대한 기초적이고 전반적인 내용을 확인할 수 있도록 구성했습니다.
148,CMOS 디지털 집적회로 설계(IT CookBook 343),신경욱,한빛아카데미,"이 책은 디지털 집적회로 설계를 배우려는 전기/전자공학 관련 학생들과 실무자를 대상으로 한다. 크게 집적회로 기초, MOS 기본 회로(CMOS 인버터, MOSFET 스위치 및 전달 게이트), CMOS 디지털 회로(정적"
149,객체지향 소프트웨어 공학,최은만,한빛아카데미,"『객체지향 소프트웨어 공학』은 소프트웨어 개발 과정에 사용되는 모든 공학 기술을 객체지향 관점으로 설명한다. 객체지향 방법론의 설계 표현법인 UML을 본격적으로 다루고, 프로그래밍 과정에 유용하게 적용할"
150,컴퓨터 과학(소프트웨어 세상을 여는)(IT COOKBOOK 232),김종훈,한빛아카데미,"- 구성 및 특징 : 
① 컴퓨터 과학의 주요 이론을 10가지 영역으로 나누어 살펴봅니다.
② 단계별 그림과 함께 자세히 설명하여 입문자도 쉽게 이해할 수 있습니다.
③ 주요 알고리즘을 파이선으로 직접 코딩해"
151,컴퓨터 개론(초연결 사회를 위한)(IT CookBook 270),조성호,한빛아카데미,컴퓨터를 모르고 4차 산업혁명을 이야기할 수 없습니다. 이 책은 대학교 새내기를 위한 교양 컴퓨터 개론서로 컴퓨터 및 정보통신의 최신 기술까지 총망라합니다. 내용을 단순히 나열하지 않고 원리부터 이해할 수
152,쉽게 배우는 소프트웨어 공학(2판)(IT CookBook),김치수,한빛아카데미,"소설처럼 술술 익히는 소프트웨어 공학
중요하지만 다소 뜬구름 잡는 얘기 같았던 소프트웨어 공학 이론을 핵심만 추려 명쾌하게 정리해줍니다. 일상에서 흔히 접할 수 있는 예시를 통해 소프트웨어 공학의 핵심"
153,"인공지능, 머신러닝, 딥러닝 입문(알고리즘으로 배우는)(데이터 사이언스 시리즈 2)",김의중,위키북스,"[알고리즘으로 배우는 인공지능, 머신러닝, 딥러닝 입문]은 인공지능에 관심이 있는 모든 독자들을 위해 검증된 역사적 사실과 연구 배경 등을 다루고 있으며, 특히 머신러닝과 딥러닝 분야의 개발자들에게는 쉽게"
154,파이썬을 활용한 딥러닝 전이학습(데이터 사이언스 시리즈 42),디파니안 사르카르,위키북스,"이 책의 목적은 두 가지다. 첫째, 딥러닝과 전이학습에 관한 자세한 내용을 집중적으로 다루고 이해하기 쉬운 개념과 예제로 이 둘을 비교 및 대조한다. 둘째, 텐서플로, 케라스, 파이썬 등의 기존 생태계를"
155,실전 예제로 배우는 GAN(데이터 사이언스 시리즈 38),조시 칼린,위키북스,"생성적 적대 신경망(GAN) 개발 작업은 복잡할 뿐만 아니라, 이해하기 쉬운 코드를 찾기도 어렵다. 이 책에서는 CycleGAN, simGAN, DCGAN 및 2차원 이미지로 3차원 형상을 생성하는 모델과 같은 여덟 가지 최신 GAN"
156,헬로! 인공지능 생활코딩 머신러닝: 실습편 with 오렌지3(위키북스 헬로! 인공지능 시리즈 2),이고잉,위키북스,"오렌지는 코드 없이 드래그 앤드 드롭만으로 표의 분석, 데이터 시각화, 머신러닝을 이용한 예측과 같은 작업을 쉽게 배우고 처리할 수 있는 놀라운 도구입니다. 
머신러닝의 기초 개념과 이론을 배웠는데도 막상"
157,아두이노(IoT 제어를 위한),조도현,복두출판사,▶ 이 책은 아두이노를 다룬 이론서입니다. 아두이노의 기초적이고 전반적인 내용을 학습할 수 있습니다.
158,Node.js 마이크로서비스 코딩 공작소,정대천,길벗,"넷플릭스, 아마존닷컴, 이베이를 포함한 대규모 웹 사이트들이 모놀리식 아키텍처에서 마이크로서비스 아키텍처로 변화하고 있다. 이들은 왜 마이크로서비스 아키텍처를 선택했을까? 
마이크로서비스 아키텍처를"
159,알고리즘(개정판 4판),로버트 세지윅,길벗,"알고리즘과 자료 구조의 핵심을 담은 고전

클래식 레퍼런스
로버트 세지윅 베스트셀러의 최신 버전. 지난 수십년 동안 발전한 알고리즘과 자료 구조에 대한 내용을 한 권에 담았다.

폭넓은"
160,C++와 CUDA C로 구현하는 딥러닝 알고리즘 세트(에이콘 데이터 과학 시리즈)(전3권),티모시 마스터즈,에이콘출판,"이 책은 인공지능 기술에서 가장 중심에 해당하는 딥러닝 알고리즘의 핵심인 ‘Deep Belief Network’를 ‘CUDA’와 함께 다루면서 딥러닝의 구조와 원리를 이해하고, 이러한 알고리즘이 GPGPU에서 동작하기 위해"
161,데브옵스 핸드북,진 킴,에이콘출판,"데브옵스의 모든 것을 다루는 책이다. 데브옵스의 유래부터 개념과 데브옵스 실천방법, 사례까지 모두 다루고 있다. 소프트웨어 업계의 구루라 부를 수 있는 저자들이 함께 저술한 이 책은 데브옵스를 이해하는 데"
162,컴퓨터 비전과 딥러닝,라쟈링가파 샨무갸마니,에이콘출판,"딥러닝은 인공 지능에 혁명을 일으키고 있으며 앞으로 수십 년 동안 강렬하게 세상을 바꿀 기술이다. 심층 학습을 기반으로 한 인공 지능은 산업혁명과 비슷한 수준의 영향을 미칠 수 있다.
딥러닝은"
163,매니지먼트 3.0,위르헌 아펄로,에이콘출판,"애자일은 빠른 속도로 다양한 분야에 확산되고 있으며 이제 더 이상 소프트웨어 개발 분야만의 것이라고 말하기 어려워졌다. 많은 조직이 애자일 도입을 통해 변덕스럽고, 불확실하고, 복잡하고, 모호한 환경에서"
164,PyTorch로 시작하는 딥러닝,비슈누 수브라마니안,에이콘출판,"이 책은 파이토치를 이용한 딥러닝 입문서다. 파이토치는 최근 글로벌하게 가장 큰 주목을 받는 머신 러닝/딥러닝 프레임워크다. 딥러닝 입문자를 대상으로 기본적인 선형/회귀 모델부터 CNN, RNN, GAN과 같은"
165,양자 컴퓨터 프로그래밍,블라디미르 실바,에이콘출판,"새로운 분야인 양자 컴퓨팅에서 프로그램을 작성하는 방법을 설명하는 책이다. 우선, 양자 역학이 우리의 직관과 어떻게 다르게 동작하는지 주요 개념을 소개한 후, 양자 컴퓨터의 특징인 큐빗, 얽힘, 논리 게이트"
166,한국어 임베딩,이기창,에이콘출판,"자연어 처리 모델의 성능을 높이는 핵심 비결, 〈한국어 임베딩〉
임베딩(embedding)은 자연어를 숫자의 나열인 벡터로 바꾼 결과 혹은 그 일련의 과정 전체를 가리키는 용어다. 단어나 문장 각각을 벡터로"
167,쿠버네티스로 만나는 손안의 마이크로서비스(소프트웨어 아키텍처),기기 사이판,에이콘출판,"쿠버네티스는 애플리케이션의 배포, 스케일링, 운영을 자동화해서 컨테이너 중심 인프라를 제공하는 가장 인기 있는 오픈 소스 플랫폼이다. 실제 환경에서 쿠버네티스를 이용해 마이크로서비스를 개발해 보면서"
168,양자 컴퓨팅 이론 해설(양장본 HardCover),데이비드 맥마혼,에이콘출판,"이론 물리학의 영역에 있던 양자역학이 양자 컴퓨팅과 양자 정보 이론으로 연결되는 과정을 알려주는 책이다. 물리학 전문 용어 사용을 자제하고, 문답 형식을 통해 이론이 적용되는 방식을 구체적으로 제시한다."
169,R을 활용한 머신러닝(3판),브레트 란츠,에이콘출판,"이 책을 읽다 보면 ‘머신러닝이 이렇게 쉬운 것이라니?’라는 생각이 들기도 하고, 수학이나 프로그래밍 언어를 잘 몰랐어도 직관적으로 머릿속에 쏙쏙 들어오는 머신러닝 개념에 흥미를 느끼고 있는 자신을"
170,텐서플로 2와 케라스로 구현하는 딥러닝(2판)(데이터 과학),안토니오 걸리,에이콘출판,"딥러닝에 관련된 거의 모든 최신 기술을 설명한다. 회귀부터 시작해, 딥러닝의 기초를 설명하고 컨볼루션 신경망, 순환 신경망, LTSM, 자연어 처리, 이미지 합성 등에 대한 최신 기술 동향을 알 수 있다. 특히"
171,적대적 머신러닝(데이터 과학),앤서니 조셉,에이콘출판,"이메일 스팸과 네트워크 보안에 관한 사례 연구를 포함해 시스템의 보안을 분석하고 적대적인 환경에서 강건한 머신러닝 알고리즘을 구축하는 데 필요한 이론과 실용적인 기술을 모두 다루고 있어, 컴퓨터 보안과"
172,실용 최적화 알고리즘,마이켈 J. 코첸더퍼,에이콘출판,"최적화 문제를 푸는 데 유용한 알고리즘을 광범위하게 소개한다. 다차원 문제에서 다목적 문제뿐 아니라 불확실성하에서의 최적화 및 유전 알고리즘도 다루고 있다. 세세하고 친절한 그림, 예제와 연습 문제는"
173,자산운용을 위한 금융 머신러닝(금융 퀀트 머신러닝 융합 시리즈),마르코스 로페즈 데 프라도,에이콘출판,"로페즈 데 프라도 박사의 저서 『실전 금융 머신러닝 완벽 분석』의 후속작으로, 개념적으로는 자산운용 일반에도 적용할 수 있으며, 퀀트 매니저와 퀀트 분석가에게 지침이 될 수 있는 책이다. 머신러닝의 금융"
174,정보 검색의 이론과 실제(데이터 과학),스테판 버처,에이콘출판,"정보 검색의 기본 개념부터 검색엔진의 자료 구조, 질의 처리 방식을 비롯한 구현 기술을 거쳐 확률론에 기반한 전통적인 순위화 기법에서 머신러닝을 활용한 최신 순위화 기법에 이르기까지, 이론과 실제를"
175,스콧 애론슨의 양자 컴퓨팅 강의,스콧 애론슨,에이콘출판,계산 복잡도 이론 분야에서 저명한 컴퓨터 과학자인 스콧 애론슨은 수학과 컴퓨터 과학과 물리학에 걸친 양자 컴퓨팅의 다양한 주제에 대해 핵심 이론부터 논쟁거리까지 깊이 있게 다루고 있다. 뛰어난 통찰력과
176,자율주행차량 기술 입문(임베디드 시스템),행키 샤프리,에이콘출판,"자율주행차량(SDV)을 가능하게 하는 핵심 개념을 알려주고, 기술적인 인사이트를 제공할 수 있는 자율주행차 기술을 설명한다. 센서와 인지 기술뿐만 아니라 SDV에 관련된 기능 안전과 사이버 보안까지 모든 것을"
177,피닉스 프로젝트,진 킴,에이콘출판,"◈ 요약 ◈

IT와 비즈니스의 딜레마와 함께 실제 해결 방안까지 제공하는 소설이다. 회사의 야심 찬 IT 기획으로 시작한 피닉스 프로젝트는 조직의 미래에 매우 중요한 의미가 있지만, 이미 예산은 초과했고"
178,추천 시스템,차루 아가르왈,에이콘출판,"사용자의 이전 검색이나 구매를 기반으로 제품 또는 서비스의 개인화된 추천을 제공하는 추천 시스템을 포괄적으로 다룬다. 추천 시스템 방법은 쿼리 로그 마이닝, 소셜 네트워킹, 뉴스 추천 및 컴퓨터 광고를"
179,Great Code Vol 2(2판)(소프트웨어 아키텍처),랜달 하이드,에이콘출판,"오늘날의 프로그래밍 언어는 생산성과 이식성을 제공하는데, 컴파일러에 최적화되지 않은 조잡한 코드를 쉽게 작성할 수도 있다. 로우레벨로 생각하고 하이레벨 언어로 코딩하면 컴파일러로 좋은 기계어 코드를"
180,"안녕, 트랜스포머",이진기,에이콘출판,"자연어 처리를 위한 AI 모델의 핵심 기술과 활용법에 대해서 다룬다. N-gram으로 접근하는 전통적인 모델 방식의 한계를 설명하고, AI 모델이 그 문제를 어떻게 해결할 수 있는지 설명한다. 어텐션 네트워크의"
181,데이터 마이닝 4/e(4판)(데이터 과학),이안 위튼,에이콘출판,"머신러닝의 기초와 실제 데이터 마이닝에 적용하는 방법을 알려준다. 특히 4판에서는 데이터 준비, 분석 결과 해석, 결과 평가, 성공적인 데이터 마이닝 접근 방식의 핵심인 알고리듬에 이르기까지 데이터"
182,추천 시스템의 통계 기법(데이터 과학),디팍 아가왈,에이콘출판,다양한 분야에서 활용되는 추천 시스템을 이해하는 데 필요한 통계 기법을 소개한다. 오래전부터 활용해 오고 있는 전통적인 기법부터 최근 새롭게 주목받고 있는 기법까지 다양한 추천 문제에 적합한 해법을
183,Great Code Vol.1 2/e(2판)(소프트웨어 아키텍처),랜달 하이드,에이콘출판,"소프트웨어 개발에 필요한 컴퓨팅 머신의 작동 원리와 상호작용 방식을 정보 표현 방식, 주요 연산 장치 및 주변 장치의 작동 방식에 대한 전문적인 설명과 시각화 자료, 다양한 레벨의 실습용 코드로 이해하기"
184,계산기는 어떻게 인공지능이 되었을까?(양장본 HardCover),더멋 튜링,한빛미디어,천체의 움직임을 관측하던 계산 도구는 어떻게 컴퓨터가 되었을까? 2차 세계대전 당시 독일군의 암호를 해독하던 블레츨리 파크에서는 무슨 일이 있었을까? 애플의 사과 로고는 정말 앨런 튜링의 죽음을 의미하는
185,파이썬을 활용한 머신러닝 쿡북,크리스 알본,한빛미디어,"200개 비법 레시피로 실무 머신러닝 문제를 쉽고 빠르게 해결하기 
200여 개의 비법 레시피를 제공하는 이 책은 실무에서 접하는 다양한 머신러닝 문제를 해결하도록 도와준다. 판다스나 사이킷런 같은 파이썬"
186,김기현의 자연어 처리 딥러닝 캠프: 파이토치 편(소문난 명강의),김기현,한빛미디어,자연어 처리 기초부터 심화까지 파이토치를 활용하여 짜임새 있게 설명한다. 저자가 현업에서 시스템을 구현하며 얻은 경험과 인사이트를 최대한 담았다. 자칫 지루할 수 있는 수학적 이론을 최소화하고 실전에 꼭
187,핸즈온 비지도 학습,안쿠르 A. 파텔,한빛미디어,이 책은 케라스를 사용한 텐서플로와 안정화된 파이썬 프레임워크인 사이킷런으로 비지도 학습 적용 방법을 알려준다. 다양한 실습 예제와 코드를 통해 데이터에 내재된 패턴을 찾아내어 깊이 있는 비즈니스
188,딥러닝 챗봇(처음 배우는),조경래,한빛미디어,"이 책은 챗봇 엔진부터 NLP, 딥러닝, REST API, 카카오톡 연동에 이르기까지 챗봇에 필요한 기술을 한 권으로 만나볼 수 있는 챗봇 개발 입문서입니다. 어려운 개념은 직관적인 그림과 도식을 활용해서"
189,GAN 첫걸음,타리크 라시드,한빛미디어,『신경망 첫걸음』으로 전 세계 수포자들에게 희망을 준 타리크 라시드가 쓴 파이토치 GAN 입문서. 원리만 알면 머신러닝 분야의 최신 기술 GAN 역시 어렵지 않다. 쉽게 가르쳐주는 사람이 없었던 것뿐이다. 손
190,머신러닝&딥러닝 with 파이썬(한 권으로 다지는),알베르토 아르타산체스,한빛미디어,"이 책은 인공지능 관련 핵심 개념부터 머신러닝과 딥러닝까지, 인공지능 구현에 필요한 모든 것을 담았다. 실제 시나리오를 살펴보면서 문제에 따라 어떤 알고리즘을 어떻게 적용하는지 학습한다. 예제는 파이썬과"
191,케라스로 구현하는 딥러닝,김성진,한빛미디어,"이 책은 케라스로 인공신경망을 구현하는 방법을 알려준다. 복잡한 수식 없이 실무에 적용할 수 있는 실용적인 예제로 다양한 딥러닝 모델(ANN, DNN, CNN, RNN, AE, GAN, UNET, RL, QAI)을 다룬다. 인공신경망의"
192,텔로에듀 TT 드론코딩 AtoZ(3판)(양장본 HardCover),김형준,구미서관,"텔로 드론은 사용자가 비행을 즐기는 동안 프로그래밍의 기초를 쉽게 배울 수 있도록 Scratch, 앱인벤터, Swift, Python 등의 프로그래밍 언어를 통하여 코딩을 할 수 있게끔 만들어졌습니다. 텔로 드론은 또한"
193,Do it! 정직하게 코딩하며 배우는 딥러닝 입문,박해선,이지스퍼블리싱,이 책은 어설픈 지름길을 담지 않았다. 공부는 했는데 남는 게 없으면 안 되니까! 실무에서 제대로 알고 써야 하니까! 국내 6명뿐인 구글 인증 머신러닝 전문가(ML GDE; Machine Learning Google Developer
194,Do it! 첫 인공지능,이애리,이지스퍼블리싱,"이 책은 코딩이 낯선 학생도, 인공지능은 나와 먼 얘기라 생각하던 비전공자도 인공지능을 완성할 수 있도록 모든 과정을 담았습니다. 먼저 말랑말랑한 그림과 비유 그리고 재미있는 사례들을 읽다 보면 금세"
195,다시 확률 통계: 확률편,나가노 히로유키,길벗,쉽게 다룰 수 없을 만큼 많은 양의 데이터가 생겨나면서 그 속에서 필요한 정보만 수집하여 여러 분야에 응용하는 능력이 무엇보다 중요해졌다. 이렇게 데이터 분석에 관심이 높아지면서 확률과 통계도 주목받고
196,모두의 인공지능 with 파이썬,이영호,길벗,"이 책은 초보자와 비전공자의 눈높이에서 인공지능이 무엇이며 어떻게 활용하는지를 알려주는 책이다. 티처블 머신, 퀵드로우, 오토드로우, 텐서플로 플레이그라운드 등 누구나 인공지능의 개념을 쉽게 경험해 볼"
197,쉽게 시작하는 캐글 데이터 분석,시노다 히로유키,길벗,"캐글은 세계적인 데이터 분석 경진대회 플랫폼으로, 전 세계의 데이터 분석가들이 많이 즐겨 사용한다. 캐글 경진대회에 참여하여 자신의 실력을 뽐낼 수 있으며, 캐글 마스터, 그랜드마스터 등 타이틀을 얻어"
198,문제 해결력을 높이는 알고리즘과 자료 구조,오츠키 켄스케,길벗,"이 책은 알고리즘 입문서이자 + 응용력, 문제 해결력을 높여주는 알고리즘 활용서다. 궁극적으로 알고리즘을 잘 다룰 수 있게 실력을 키우는 것을 목표로 한다. 우선 알고리즘에 대해 전혀 모르는 사람이"
199,다시 확률 통계: 통계편,나가노 히로유키,길벗,"데이터가 차고 넘치는 세상 속에서 필요한 정보만 수집하는 방법으로 통계를 사용하고 있다. 일상에서도 이미 통계적 접근 방식이 익숙해진 지금, 그 어느 때보다 통계의 중요성이 커지고 있다. 『다시 확률"
200,알고리즘 퍼즐,아나니 레비틴,길벗,"알고리즘 테스트 != 코딩 능력
알고리즘 테스트는 코딩 능력 테스트가 아니다. 알고리즘 테스트가 코딩 능력이라고 생각하는 것은 흔히 하는 실수이며, 실제로는 알고리즘 사고력이 핵심이다. 코딩을 못하는 게"
201,아두이노 자율주행 RC카 만들고 직접 코딩하기(개정판),서민우,앤써북,이 책은 〈아두이노 자율주행 RC카 만들고 직접 코딩하기〉의 내용을 전면 개정한 완전 개정판입니다. 아두이노 자율주행 RC카의 바디가 다양한 형태로 응용할 수 있는 블록형태로 전면 교체하였습니다. 이 책은
202,머신러닝 딥러닝을 이용한 A.I. 자율주행 RC카 프로젝트 with 파이썬+아두이노,서민우,앤써북,"〈머신러닝 딥러닝을 이용한 A.I. 자율주행 RC카 프로젝트 with 파이썬+아두이노〉는 머신러닝 동키카로 체험하고 ESP32 아두이노 자율주행 자동차로 코딩하며 인공지능을 배울 수 있는 책입니다. 
책은 크게"
203,머신러닝 탐구생활(Kaggle 우승작으로 배우는),정권우,비제이퍼블릭,"이 책은 과거 캐글 경진대회에서 제공된 실제 데이터를 다룬다. 머신러닝을 시작하기 위하여 두껍고 어려운 선형대수, 미적분, 통계 책을 읽기 시작하여 고통받고 있는 독자를 위하여, 이 책은 더 재미있고 피부에"
204,마스터링 이더리움,안드레아스 M. 안토노풀로스,제이펍,"《Mastering Bitcoin》과 함께 블록체인 개발자의 필독서!

《비트코인, 공개 블록체인 프로그래밍(Mastering Bitcoin)》을 집필한 세계 최고의 블록체인 전문가인 안르레아스 안토노풀로스와 이더리움의 공동"
205,검색을 위한 딥러닝(제이펍의 인공지능 시리즈 26),토마소 테오필리,제이펍,"구글이나 네이버에서 벗어나 나만의 사용자 중심 검색 엔진을 만들 수 있을까?  이 책에서는 딥러닝, 즉 심층 신경망을 사용하여 더 나은 검색을 이끌어내는 방법을 배웁니다. 우선 색인 처리 및 순위지정과 같은"
206,딥러닝을 위한 최적화와 수치해석,황윤구,남가람북스,"이 책은 텐서플로(Tensorflow)를 사용하여 다양한 딥러닝 모델들을 학습하는 방법과 최적화 이론을 다룹니다. 딥러닝에 관련된 많은 수학 이론들이 있지만, 가장 핵심적인 최적화 문제를 중심으로 딥러닝을"
207,노코딩 AI,하세정,예미,영문법을 잘 안다고 영어를 잘하는 건 아니다. 외국인을 만나 말 한마디 못 한다면 아무 소용이 없다. AI와 코딩도 마찬가지다. 코딩을 배우면 취업이 쉽고 높은 연봉을 받는다는 언론 보도가 많아지면서 많은
208,"마이크로서비스 도입, 이렇게 한다",샘 뉴먼,책만,어떻게 하면 모놀리스 시스템의 엉킴을 풀고 마이크로서비스 아키텍처로 무사히 마이그레이션할 수 있을까? 어떻게 하면 비즈니스를 평상시처럼 운영하면서 안정적으로 마이그레이션할 수 있을까? 이 책은 기존
209,스마트팩토리(그림으로 이해하는),카와카미 마사노부,위키미디어,"현장에서 본사까지, 생산관리에서 전략기획 부서까지 스마트 공장 도입을 위한 생생한 경험

단원마다 이해를 돕는 그림을 제시해 스마트 공장을 이해하고 구축하는 데 필요한 요점을 하나하나 짚어줍니다."
210,파이썬과 NumPy로 배우는 선형대수,이정주,비제이퍼블릭,"파이썬은 문법이 단순하여 배우는 데 걸리는 시간이 다른 언어에 비해 적게 들며 직관적이라 코드를 읽고 이해하기 쉽습니다. 또한 머신러닝 관련 라이브러리, 프레임워크가 많이 제공되는 언어입니다. 이런"
211,자료구조와 알고리즘(C++로 구현하는)(2판),Michael T. Goodrich,한티에듀,『자료구조와 알고리즘』은 전산학 교육과정에서 활용할 수 있는 자료구조 교재이다. 자료구조와 알고리즘 분석의 많은 예제를 수록하고 있다. 동적 프로그래밍과 그리디 방법과 같은 알고리즘 설계 기법들의
212,한 권으로 끝내는 블록체인 교과서,스기이 야스노리,제이펍,"이 책은 비트코인에 관심 있는 개발자뿐만 아니라 일반인도 블록체인을 쉽게 배울 수 있도록 구성되었습니다. 일본 최고의 비트코인 강사로 평가받는 저자는 단 66개의 강좌만으로 비트코인의 정의와 개념, 관련"
213,사물인터넷을 품은 라즈베리 파이(개정판),김성우,제이펍,사물인터넷은 물건을 나타내는 원자 세계와 인터넷을 통하여 정보를 나타내는 비트 세계의 만남이다. 라즈베리 파이는 아두이노와 더불어 사물인터넷을 위한 소프트웨어를 프로그래밍할 수 있는 대표적인 오픈소스
214,R을 이용한 퀀트 투자 포트폴리오 만들기,이현열,제이펍,여러 프로그래밍 언어 중 R은 무료이며 비교적 일반 사용자가 사용하기 쉬운 형태로 구성되어 있습니다. 무엇보다 독보적으로 통계나 계량분석과 관련된 패키지를 포함하고 있다는 장점이 있습니다. 이런 R을
215,아두이노 바이블 Vol 1: 아두이노 기초 편(제이펍의 로봇 시리즈 16),허경용,제이펍,"아두이노로 상상할 수 있는 A부터 Z까지!

《아두이노 바이블》 제1권 ‘아두이노 기초 편’은 총 17개의 장을 통해 아두이노란 무엇인지, 아두이노를 사용하기 위해 알아야 할 것들이 무엇인지, 그리고"
216,머신러닝 엔지니어링(제이펍의 인공지능 시리즈 36),안드리 부르코프,제이펍,11개 언어로 출판된 베스트셀러 《The Hundred-Page Machine Learning Book》의 저자 안드리 부르코프가 쓴 이 책은 현존하는 인공지능 서적 중 가장 완벽합니다. 확장할 수 있으며 신뢰할 수 있는 머신러닝
217,알고리즘 & 순서도 연습(컴퓨팅 사고력을 위한),정인기,교학사,"컴퓨터 교육 전문가가 집필한 ‘알고리즘 & 순서도 연습’을 위한 알고리즘 기초서!
컴퓨터 과학의 기초인 알고리즘을 배우는 학생들이 단계별로 학습할 수 있도록 구성한 책으로, 이론부터 문제 해결을 위한"
218,알고리즘 Basic(그림으로 배우는),스기우라 켄,영진닷컴,"[그림으로 배우는 알고리즘 Basic]은 알고리즘과 프로그램이란 무엇인지부터 시작하여 프로그래밍의 기초인 변수와 배열, 여러 개의 데이터를 저장하기 위한 자료구조에 대해 알려주는 책이다. 알고리즘을 처음"
219,"아두이노, 상상을 현실로 만드는 프로젝트 입문편 + 아두이노 키트 세트",최재규,영진닷컴,"『아두이노, 상상을 현실로 만드는 프로젝트 입문편 + 아두이노 키트 세트』는 아두이노를 처음 접하는 초보자들이 쉽게 배울 수 있도록 구성하고 있다. 아두이노가 무엇인지, 종류가 어떠한 것들이 있는지"
220,똑똑한 챗봇 만들기(다양한 봇빌더를 이용한),정임수,영진닷컴,"생활 속의 인공지능인 챗봇을 만드는 데에는 인공지능의 원리나 신경망의 구조, 수학적인 계산 방식을 아는 것도 중요하지만, 그보다 우선하는 것이 챗봇이 어떻게 만들어지는지 이해하고 챗봇의 기본이 되는"
221,성공적인 RPA 플랫폼 구축 A to Z,이석배,영진닷컴,RPA(Robotics Process Automation)는 사전에 정해진 규칙대로 사람이 하는 작업을 흉내 내어 업무를 처리하는 소프트웨어 로봇을 말합니다. 아무리 편리하고 작업 효율성이 좋다는 RPA라도 제대로 활용하기
222,그림으로 배우는 프로그래밍 구조,마스이 토시카츠,영진닷컴,"이 책은 프로그래머가 어떻게 개발을 진행하고, 어떤 지식과 용어를 알아둬야 하는지 등 프로그래밍에 관한 넓고 다양한 주제를 다루고 있습니다. 프로그래밍의 개념부터 개발 공정, 언어별 특징, 알고리즘,"
223,리얼 아두이노(100% 실습!)(정면돌파),정길도,성안당,"이 책은 최근의 사물인터넷(IoT) 오픈소스 하드웨어 바람에 스크래치, 앱인벤터와 자주 입에 오르내리는 아두이노에 관한 책이다. 아두이노는 마이크로프로세서 보드 기초 실습이 가능한 오픈소스 피지컬 컴퓨팅"
224,알고리즘Algorithm이 보이는 그림책(개정증보판),"ANK Co., Ltd.",성안당,학생들에게 신설된 코딩 수업이나 정보 또는 AI 수업을 시작할 때 무엇부터 가르쳐야 할까요? 아마 사고나 논리의 체계를 세운 뒤 프로그래밍으로 들어가는 방법을 가르쳐야 할 것입니다. 프로그래머나 프로그래밍
225,양자컴퓨터의 구조(그림으로 이해하는),우츠기 타케루,성안당,"요즘 들어 ‘양자컴퓨터’라는 말이 뉴스에 등장하기 시작하면서, 전문가가 아니더라도 ‘양자컴퓨터’라는 키워드를 접할 기회가 많아졌다. 실제로 양자컴퓨터는 차세대 기술의 하나로서 기대되는 분야이다."
226,엑셀로 배우는 머신러닝 초입문(AI의 얼개를 기본부터 설명한),와쿠이 요시유키,성안당,"와쿠이 요시유키와 와쿠이 사다미의 ‘엑셀로 배우는’ 인공지능 시리즈의 세 번째 책인 이 책은 1편 딥러닝, 2편 순환신경망·강화학습에 이어 그보다 좀 더 범위가 큰 머신러닝을 다룬다. 저자는 AI의 시대가"
227,AI 사고를 위한 인공지능 교육,한선관,성안당,미래 교육의 핵심 코드는 단연 인공지능이다. 교육부가 올해 상반기 중 미래 교육 추진단을 신설하기 위해 분주한 것은 물론 최근 유은혜 교육부 장관이 발표한 미래 교육을 이끄는 데 필요한 다섯 가지 정책 중
228,픽스호크 드론의 정석(개정증보판),공현철,성안당,"특수목적형 드론을 픽스호크로 개발?활용하는데 필요한 모든 것!
아두파일럿의 오픈 소스 픽스호크 프로젝트에 대한 입체 분석!
개정증보판에서 최신 Pixhawk4 학습용 드론 조립가이드 대폭 추가!
픽스호크 드론의"
229,기초부터 배우는 인공지능,오다카 토모히로,성안당,"『기초부터 배우는 인공지능』은 〈인공지능이란〉, 〈인공지능 연구의 역사〉, 〈머신러닝〉, 〈지식표현과 추론〉등을 수록하고 있는 책이다."
230,머신러닝(만화로 쉽게 배우는),아라키 마사히로,성안당,"배울 것 많은 머신러닝을 만화로 쉽게 학습할 수 있다!
《만화로 쉽게 배우는 머신러닝》

이 책은 발전 가능성이 무궁무진할 것으로 기대되는 인공지능 분야의 하나인 머신러닝에 대해서 기초 지식부터"
231,그림으로 이해하는 RPA의 구조,니시무라 야스히로,성안당,"『그림으로 이해하는 RPA의 구조』 는 〈처리와 자동화를 나누어서 생각한다〉, 〈실제 사례를 2가지 시점에서 본다〉, 〈비용 절감과 자원 이행〉, 〈생산성을 높인다〉, 〈업무를 표준화한다〉, 〈소프트웨어의"
232,자료구조와 C,이석호,정익사,자료구조 교재. 컴퓨터를 공부하는 학생들을 위해 자료구조의 핵심이론들을 정리하였다.
233,소프트웨어 공학(새로쓴),최은만,정익사,▶이 책은 소프트웨어 공학을 다룬 이론서입니다. 소프트웨어 공학의 기초적이고 전반적인 내용을 학습할 수 있도록 구성했습니다.
234,전산물리학,김범준,교문사,"새로운 지식을 배우는 가장 좋은 방법은 직접 해보고 배우는 것이다. 과학 교재에 담긴 내용을 이해했다고 해도 무언가 부족하고, 강의를 귀로 듣고 그 내용을 이해했다고 해서 배운 것이 오롯이 자신의 것이 되는"
235,라즈베리파이 3을 이용한 사물인터넷 기초부터 실무까지,김경희,동일출판사,『라즈베리파이 3을 이용한 사물인터넷 기초부터 실무까지기』는 총 4편으로 구성되어 있으며 1편은 라즈비안 OS를 인스톨하는 방법과 프로그램을 작성할 때 필요한 환경을 설정하는 방법에 대하여 집필을
236,아두이노를 이용한 사물인터넷 기초부터 실무까지,김경희,동일출판사, 
237,IoT 기술과 서비스,김현욱,동일출판사,"IoT는 다양한 사물에 센서와 통신기능을 추가하여 항상 인터넷으로 연결되어 사물로부터 데이터가 수집되고, 이를 활용하여 가치있는 서비스를 제공하는 것이다. 최근 IoT에 Big Data, AI, 5G 등의 기술이"
238,컴퓨터 구조(전면개정판 3판)(핵심 정보통신기술 총서 1),삼성SDS 기술사회,한울아카데미,"정보통신기술 분야 명품 참고서
최신 기술 흐름 반영, 더 쉽고 충실한 설명

1999년 첫 발간 이후 기술사 수험생 및 실무자의 필독서이자 정보통신기술 분야 종사자의 실전 지침서로 확고하게 자리매김한 '핵심"
239,ICT 융합 기술(전면개정판 3판)(핵심 정보통신기술 총서 5),삼성SDS 기술사회,한울아카데미,"정보통신기술 분야 명품 참고서
최신 기술 흐름 반영, 더 쉽고 충실한 설명

1999년 첫 발간 이후 기술사 수험생 및 실무자의 필독서이자 정보통신기술 분야 종사자의 실전 지침서로 확고하게 자리매김한 '핵심"
240,알고리즘 통계(전면개정판 3판)(핵심 정보통신기술 총서 8),삼성SDS 기술사회,한울아카데미,"정보통신기술 분야 명품 참고서
최신 기술 흐름 반영, 더 쉽고 충실한 설명

1999년 첫 발간 이후 기술사 수험생 및 실무자의 필독서이자 정보통신기술 분야 종사자의 실전 지침서로 확고하게 자리매김한 '핵심"
241,오픈소스 QGIS 활용 가이드북(CD1장포함),김남신,한울아카데미,GIS(지리 정보 시스템)의 응용 범위는 무궁무진하지만 그 응용 방법을 익히기는 쉽지 않다. 너무나 다양하고 강력한 기능은 도구의 이름과 작동 방법을 안다고 해서 어떤 상황에 어떤 기능을 이용해 원하는 정보를
242,파이썬 코딩 수학 with 딥러닝,박경원,정보문화사,이 책은 코딩을 처음 시작하는 중학생은 물론 성인들에게도 아주 자연스럽게 코딩을 배울 수 있도록 유도합니다. 우리가 배웠던 ‘수학에 이러한 로직이 있었구나’를 되새기면서 이를 코딩으로 직접 구현해 볼 수
243,소프트웨어 개념 사전(코딩책과 함께 보는)(궁리 IT's story 시리즈),김현정,궁리,"컴퓨터를 모르면 ‘컴맹’이라는 말을 사용했던 시절이 있었지만, 이제 컴퓨터를 모르는 사람이 없을 정도로 컴퓨터는 모든 사람의 상식이 된 지 오래다. 가까운 미래에는 과거의 ‘컴맹’처럼 소프트웨어를"
244,나만의 앱 만들기 앱인벤터  아두이노,피수영,청람,본 교재는 컴퓨터에 사전 지식이 없는 독자들을 대상으로 블록형 언어인 앱인벤터(AppInventor) 프로그래밍 언어 교육을 통해 일상생활 속에서 나타나는 문제들 혹은 자신의 전공분야에서 나타나는 문제들을
245,켄트 벡의 구현 패턴,켄트 벡,에이콘출판,"켄트 벡은 늘상 일어나는 프로그래밍 작업에 사용되고, 좀더 읽기 좋은 코드를 작성하는 데 필요한 77개의 구현 패턴을 이 책에 모았다. 이 패턴들은 클래스, 상태, 행위, 메소드, 컬렉션, 프레임워크 등"
246,데이터 마이닝 개념과 기법(3판)(에이콘 데이터 과학 시리즈),지아웨이 한,에이콘출판,이 책은 대량의 데이터셋에서 의미있는 패턴을 발견하는데 필요한 데이터 마이닝 이론과 실제적용 사례에 대해 설명한다. 실제 데이터 마이닝 프로젝트를 수행하는 분석가라면 기본적으로 알고 있어야 하는 다양한
247,실전 IoT 네트워크 프로그래밍(acorn+PACKT 시리즈),피터 웨허,에이콘출판,"이 책에서는 사물인터넷, 즉 IoT에서 활용할 수 있는 대표적인 프로토콜 HTTP, UPnP, CoAP, MQTT, XMPP를 하나씩 소개하고, 각 프로토콜을 이용해 네트워크 토폴로지를 구성하고 통신하는 방법과 방화벽이 통신에"
248,C++와 CUDA C로 구현하는 딥러닝 알고리즘 1(에이콘 데이터과학 시리즈),티모시 마스터즈,에이콘출판,"[C++와 CUDA C로 구현하는 딥러닝 알고리즘] 제1권은 인공지능 기술에서 가장 중심에 해당하는 딥러닝 알고리즘의 핵심인 ‘Deep Belief Network’를 ‘CUDA’와 함께 다루면서 딥러닝의 구조와 원리를 이해하고,"
249,파이썬으로 배우는 인공지능(acorn+PACKT 시리즈),프라틱 조쉬,에이콘출판,『파이썬으로 배우는 인공지능』은 인공지능을 활용하는 다양한 실제 사례와 인공지능 애플리케이션을 구현하는데 필요한 여러 가지 알고리즘을 소개한다. 인공지능의 개념을 소개하고 데이터 마이닝 기법으로
250,클린 코더(acornLoft),로버트 마틴,에이콘출판,"[클린 코더]는 세계적으로 유명한 프로그래머 '밥 아저씨' 로버트 마틴이 쓴 책으로, 프로 개발자가 되는 길을 알려준다. 수십 년의 경험을 바탕으로 장인 정신, 실천 기법, 도구뿐만 아니라 프로가 가져야 할"
251,C++와 CUDA C로 구현하는 딥러닝 알고리즘 3(에이콘 데이터 과학 시리즈),티모시 마스터즈,에이콘출판,"전체 3권으로 이루어진 ""C++과 CUDA C로 구현하는 딥러닝 신경망"" 시리즈의 마지막 책이다. 딥러닝에서 가장 화두가 되고 있는 영상 속의 사물 인지 알고리즘을 깊게 파고들면서 실제로 CUDA 기반으로 구현까지"
252,쿠브플로우,이명환,디지털북스,"천재 바둑기사 '이세돌'과 인공지능 '알파고'의 바둑대결은 머신러닝 기술의 가치를 전 세계에 알리는 사건이었습니다. 이 대결 이후, 머신러닝에 대한 관심도가 높아지면서 많은 개발자들은 머신러닝에"
253,비전공자를 위한 딥러닝(그림으로 이해하는),윤준호,디지털북스,"딥러닝? 머신러닝? 코딩에 ‘코’자도 모르는 비전공자라면!
이 책에 주목하라!

국문과 출신의 AI 컴퓨터 비전 엔지니어 윤준호의 〈그림으로 이해하는 비전공자를 위한 딥러닝〉이 책으로 출간하였다.
작가의"
254,오페라시스템,김동식,백산출판사,『오페라시스템』은 오페라 시스템에 대해서 다룬 책이다. 체인 표준화 작업에 필요한 요소들을 상세하게 정의함으로써 한국형 체인을 진행하거나 구상하는 사업가들에게 정보 제공의 역할을 수행하고 있다. 또한
255,AVR 제어 실습 입문(ATmega8535),신진철,에듀컨텐츠휴피아,이 책은 AVR 제어 실습 입문에 대해 다룬 도서입니다. AVR 제어 실습 입문에 대한 기초적이고 전반적인 내용을 확인할 수 있도록 구성했습니다.
256,CMMI V2.0 개발 해설서(양장본 HardCover),이민재,한티미디어,CMMI는 모델이다. 모델은 여러 모범사례를 모아 놓은 것이다. 그러나 이러한 모델에는 일반적으로 모범사례에서 제시하는 ‘어떻게 일을 수행하는가?’에 대한 내용보다는 ‘무슨 일을 수행하는가?’에 대한 내용
257,인공지능 함수 OCaml 프로그래밍,John Whitington,한티미디어,"옮긴이는 인공지능 공부를 함수 프로그래밍에서 시작하였다. 함수 프로그래밍은 전산학 전공자나 프로그래밍 전문가라면 숙달하고 있어야 할 프로그래밍 틀, 즉 패러다임이다. OCaml은 범용의 실무형 함수"
258,다양한 예제로 학습하는 데이터 구조와 알고리즘,나라심하 카루만치,인사이트,"『다양한 예제로 학습하는 데이터 구조와 알고리즘』은 데이터 구조와 알고리즘을 다양한 예제와 함께 학습할 수 있는 책이다. 약 700개의 예제를 풀어보며, 다수의 데이터 구조와 알고리즘의 구현 방법과 개선"
259,칸반과 스크럼,헨릭 크니버그,인사이트,『칸반과 스크럼』은 스크럼과 칸반을 유용하게 활용하는 방법을 제시하는 책이다. 칸반과 스크럼은 대표적인 애자일 소프트웨어 개발 방법론으로 단순하면서도 강력한 접근 방식이다. 1부에서는 칸반과 스크럼의
260,컴퓨터 과학 로드맵(한 권으로 그리는),블라드스톤 페헤이라 필루,인사이트,"알고리즘, 데이터 구조, 데이터베이스, 컴퓨터 구조, 다양한 언어의 프로그래밍 패러다임. 주제마다 두툼한 책 한 권이 될 수 있는 내용을 이 얇은 책에서 모두 다루고 있습니다. 컴퓨터과학의 각 주제 중에서"
261,오픈 소스로 미래를 연마하라,VM(비키) 브라수어,인사이트,자유 소프트웨어 오픈 소스(FOSS)는 오늘날 인터넷 세상을 움직이는 소프트웨어 개발 기술의 근간을 이루며 바로 여러분과 같은 사람들이 만들고 유지 보수한다. 이 책은 독자들의 기술 숙련도나 전문 분야에
262,프로그래밍 대회 공략을 위한 알고리즘과 자료 구조 입문,와타노베 유타카,인사이트,"▶ 프로그래밍 대회를 준비하기 위한 기초 체력을 기를 수 있다
프로그래밍 대회에서 높은 순위를 얻으려면 굉장히 정교한 알고리즘, 유연한 발상력, 수준 높은 수학 능력이 필요하지만, 입문자라면 일단 기초"
263,알고리즘 트레이닝(2판),안티 라크소넨,인사이트,"오늘날의 경진 프로그래밍에 관해 종합적으로 설명하고 있는 책이다. 저자는 경진 프로그래밍이 가장 훌륭한 알고리즘 공부법임을 보여주며, 이 과정에서 컴퓨팅 사고력을 발전시키고 프로그래밍 능력과 디버깅"
264,TopCoder 탑코더 알고리즘 트레이닝,타카하시 나오히로,한빛미디어,『TopCoder 탑코더 알고리즘 트레이닝』은 TopCoder 알고리즘 문제 풀이를 통한 프로그래밍 실력 배양할 수 있는 교재이다. 다양한 문제를 풀어보면서 알고리즘을 적용해보고 기초를 튼튼하게 다질 수 있다. 또한
265,클라우드 시스템을 관리하는 기술,토머스 리몬첼리,한빛미디어,"이 책은 대규모 클라우드 인프라와 서비스의 구조와 설계 패턴, 그리고 이를 운영하는 방법까지, 시스템과 팀이 유기적으로 움직이는 비법을 제시한다. 저자들의 구글, 엣시(Etsy), 트위터, 페이스북, 넷플릭스,"
266,처음 배우는 인공지능,다다 사토시,한빛미디어,빅데이터가 축적되면서 머신러닝과 딥러닝 기술이 발전했고 개발자가 실제로 구현할 수 있는 프레임워크나 라이브러리가 등장했다. 전 세계 일류 IT 기업은 이러한 기술을 접목해 인공지능 서비스를 발표하고
267,신경망 첫걸음(첫걸음 시리즈),타리크 라시드,한빛미디어,"인류에겐 이런 딥러닝 입문서가 필요했다. 딥러닝 입문자가 늘고 있지만, 수학 이론을 공부하자니 갈 길이 멀고 원리를 무시한 채 코딩부터 하자니 응용이 불가능하다. 수학 공식과 통계 이론을 달달 익혀야"
268,Hello Coding 알고리즘,아디트야 바르가바,한빛미디어,알고리즘은 쉽게 말해 어떤 문제를 해결하기 위한 명령을 모아 놓은 것이다. 이 책에서 다루는 알고리즘은 다른 코드보다 속도를 빠르게 하거나 아주 흥미로운 문제를 풀기 위한 것이다. 정렬 및 탐색과 같은
269,아두이노 101,서영배,한빛미디어,"『아두이노 101』은 아두이노의 기본적인 사용을 간결한 설명과 프로젝트 예제로 배울 수 있다. 프로그래밍의 기초, 하드웨어의 기초를 쉽게 설명하며 기본적인 센서, 모터뿐만 아니라 무선 통신, 디스플레이까지"
270,Big Number 연산(소수와 RSA 알고리즘으로 배우는)(Hanbit eBook Realtime 26),김세훈,한빛미디어,『Big Number 연산』은 C 기초를 이해한 초·중급자를 대상으로 하며 알고리즘 학습에 도움을 주는 기본적인 수학 함수들을 코드로 어떻게 구현하는지를 설명한 책이다.
271,쉬운 딥러닝,반병현,생능북스,"이 책은 딥러닝 지식이 실무에 필요한 기획자나 경영인, 첨단 기술의 활용 방법을 체험해보고 싶은 비전공자, 그리고 딥러닝을 빠르게 익히고 체험해보고 싶은 학생들을 위한 책이다.
기초적인 딥러닝 기법을"
272,딥러닝 EXPRESS,천인국,생능출판,"우리는 알파고의 충격을 잊지 못한다. 컴퓨터가 정복하기 어려울 것이라던 바둑 게임에서 프로 기사들을 상대로, 인공지능 프로그램 알파고는 일방적인 승리를 기록하였다. 최근에 인공지능, 그 중에서도"
273,실습하며 배우는 딥러닝 입문 with Kaggle,장원두,생능출판,"이제 우리는 정말 인공지능의 시대에 살고 있습니다. 운전하며 길을 찾을 때도, 주차비를 정산할 때도, 친구에게 돈을 보낼 때도, 세탁기를 틀고, 청소기를 돌릴 때도 인공지능을 사용합니다. 몇 년 전의 알파고"
274,시간순삭 인공지능 with 엠블록 & 아두이노(시간순삭 시리즈),김석전,생능북스,이 책은 엠블록(mblcok)을 이용하여 아두이노까지 동작시켜보면서 다양한 인공지능 프로젝트를 실습해볼 수 있는 책입니다. 재미있는 14가지 프로젝트를 다뤄보면서 인공지능을 체험해보고 더욱 흥미를 느낄 수
275,소프트웨어와 컴퓨팅 사고,김대수,생능출판,"『소프트웨어와 컴퓨팅 사고』는 소프트웨어, 코딩, 컴퓨팅 사고를 이해하는데 도움이 되는 다양한 주제와 응용을 서술한 책이다. 새로운 주제에 대해 보다 쉽게 이해할 수 있도록 가급적 쉽고 간단명료하게"
276,ICT 융합시대의 컴퓨터과학,최윤철,생능출판,"우리 사회는 급변하여 사회, 경제, 산업, 통신, 교육, 행정, 금융, 교통, 에너지, 안전 등 모든 분야에서 컴퓨터와 ICT 기술 없이는 더 이상 유지될 수 없고 발전할 수 없는 상황에 이르렀다. ICT 기술이 다른"
277,컴퓨터구조론(개정판 5판)(양장본 HardCover),김종현,생능출판,"현재 컴퓨터는 개인적 용도로 사용되는 모바일용 PC로부터 시작하여 초고속 과학계산을 위한 슈퍼컴퓨터에 이르기까지, 크기와 가격 및 성능에 있어서 매우 다양한 종류의 컴퓨터들이 존재하고 있다. 그런데"
278,MIT 앱 인벤터를 활용한 아두이노 제어 실습,정용섭,광문각,"『MIT 앱 인벤터를 활용한 아두이노 제어 실습』은 〈아두이노란?〉, 〈아두이노 하드웨어〉, 〈아두이노 우노 살펴보기〉, 〈아두이노 소프트웨어〉, 〈Blink 예제 실행해 보기〉등을 수록하고 있는 책이다."
279,아두이노를 이용한 IoT 디바이스 개발 실무,박현준,광문각,▶ 이 책은 아두이노를 이용한 IoT 디바이스 개발 실무에 대해 다룬 도서입니다. 아두이노를 이용한 IoT 디바이스 개발 실무의 기초적이고 전반적인 내용을 확인할 수 있도록 구성했습니다.
280,퍼지시스템 입문(공학도를 위한),홍대선,문운당,"『퍼지시스템 입문』은 공대 학부생 3, 4학년생을 대상으로 하여 퍼지 이론과 그 활용에 대해 설명한 책이다. 총 10장으로 구성되어 있으며, 퍼지개념에 대한 설명부터 대표적인 공학 계산 프로그램인 매트랩의"
281,H.264 AVC 알고리즘 이해와 프로그램 분석,호요성,두양사,『H.264 AVC 알고리즘 이해와 프로그램 분석』.H.264/AVC는 그 성능이 우수하여 현재 전 세계적인 차세대 동영상 압축 기술로 평가받는다. 이 책은 H.264/AVC 참조 소프트웨어 버전 16.0를 기반으로 구성한
282,신경망 학습이론과 PyTorch(인공신경망 시리즈 1: 순방향 신경망),추상목,UUP,"『신경망 학습이론과 PyTorch』는 〈그림으로 이해하는 신경망〉, 〈신경망 그림을 PyTorch로 변환〉, 〈PyTorch 신경망을 구글 Colab에서 구현〉, 〈신경망 파라미터의 값〉, 〈학습데이터, 신경망 출력과 손실"
283,알고리즘(뇌를 자극하는),박상현,한빛미디어,"뇌를 자극하여 알고리즘을 학습하다!

프로그래머 박상현의 『뇌를 자극하는 알고리즘』. 컴퓨터 공학을 이해한느 첫걸음이 되는 알고리즘을 이해할 수 있도록 구성했다. 이론을 습득한 다음, 그것을 응용하여"
284,텐서플로 딥러닝 프로그래밍,김동근,가메,"『텐서플로 딥러닝 프로그래밍』은 〈인공지능 · 딥러닝 · 텐서플로 설치〉, 〈텐서플로 기초〉, 〈회귀(Regression)〉, 〈tf.keras를 사용한 회귀〉, 〈완전 연결 신경망 분류(Classification)〉 등 텐서플로"
285,OpenCV.Python 머신러닝 딥러닝 프로그래밍,김동근,가메,"OpenCV ㆍ Python을 이용한 머신러닝과 딥러닝 프로그래밍을 소개합니다 .

- 영상처리, 컴퓨터비전, 인공지능, 머신러닝, 딥러닝, 딥러닝 프레임워크, OpenCV DNN 모듈 이용을 위한 소프트웨어 설치 방법
-"
286,패턴인식 (제2판)(양장본 HardCover),RICHARD O. DUDA,아이티씨,"컴퓨터공학 소프트웨어 전문서 개정2판. 이 책은 기계인지소개와 비파라미터적 기법, 선형판별함수, 추계학적 방법, 비감독형 학습과 클러스터링 등의 내용을 담았다."
287,아두이노 내친구 by 스크래치 3: 블록코딩으로 초음파 자율주행 자동차 만들기 자율주행(교재+키트),양세훈,토마토,코딩을 공부하고 싶은데 좋은 책을 찾지 못했나요? 아두이노를 배우고 싶은데 다른 책은 너무 어렵나요? 그렇다면 이 책을 여러분에게 강력히 추천합니다. 이 책은 코딩을 전혀 모르는 사람도 배울 수 있도록 쉽게
288,사용자 스토리(고객중심의 요구사항 기법),마이크 콘,인사이트,"애자일(Agile) 프로그램의 활용법과 사용자가 필요한 소프트웨어 개발에 대한 내용을 담고 있는『사용자 스토리』. 이 책은 사용자 스토리를 수집하는 현실적인 방법과 상황에 따른 대처 방법, 사용자 스토리 수집"
289,지속적인 통합: 소프트웨어 품질을 높이고 위험을 줄이기,폴 M. 듀발,위키북스,"이 책은 개발조직의 성공을 위한 '지속적인 통합'에 대해 이야기한다. 저자는 일일 빌드가 참신한 생각이었던 때를 지나 지속적인 통합을 하는 수준에 이르렀고, 이제는 지속적인 통합을 하느냐의 여부가 제대로"
290,인지 컴퓨팅,Judith s. Gurwitz,KICC,"인지컴퓨팅은 비즈니스와 리서치 목표를 지원하는 어플리케이션을 새로운 방식으로 만들어내는 것을 의미한다. 인지컴퓨팅은 상업적으로 가능할 정도로 충분히 성숙된 다양한 기술들의 조합이다. 따라서, 이"
291,스토리로 이해하는 암호화 알고리즘,김수민,로드북,"『스토리로 이해하는 암호화 알고리즘』은 암호 알고리즘을 좀 더 쉽게 이해해 보자는 목적으로 집필되었다. 암호의 안전성이나 난수 발생기의 원리, 암호 알고리즘은 깨지지 않았는데 어떻게 해킹될 수 있는지,"
292,IT 과학이야기 블록체인(누구나 쉽게 읽을 수 있는)(IT 과학이야기 4),이재영,로드북,"누구나 쉽게 읽을 수 있는 IT 과학이야기 시리즈의 블록체인 편이다. IT 과학이야기 시리즈답게 기술의 원리를 이미지와 삽화, 그리고 저자의 재치있는 비유로 쉽게 알려준다.
원리를 알면 변화에 능동적인"
293,머신러닝 데이터 전처리 입문(백견불여일타),아다치 하루카,로드북,"이 책은 인공지능이 올바른 데이터를 입력 받아 의미 있는 결과를 도출하는 과정에서 필수적으로 거쳐야 할 데이터 전처리에 관한 ‘입문서’이다. 정형 데이터뿐만 아니라 이미지, 텍스트 데이터와 같은 비정형"
294,사물인터넷과 빅데이터 서버 활용 프로그래밍,양승의,성진미디어,본 과정에서는 바로 이 센서데이터를 직접 수집하기 위한 사물인터넷 구현부터 안전한 인터넷 연동을 위한 스마트게이트웨이 그리고 빅데이터 서버 구현과 센서-서버 연동 프로그램을 직접 만들어 보는 것까지
295,메모리 시스템,Bruce Jacob,카오스북,▶ 이 책은 메모리 시스템에 대해 다룬 이론서입니다. 메모리 시스템의 기초적이고 전반적인 내용을 학습할 수 있도록 구성했습니다.
296,New AI와 컴퓨팅 사고력,김경록,에이치북스,"컴퓨팅 사고력은 컴퓨터과학의 기본적인 개념과 원리를 기반으로 효율적으로 문제를 해결할 수 있는 사고 과정이다. 이는 크게 4개 영역으로 구성된다.
-문제 인식과 문제 발굴 이해하기
-컴퓨터과학적"
297,인공지능 개론(IT Cookbook 한빛 교재 시리즈 110),마이클 네그네빗스키,한빛아카데미,"『인공지능 개론』은 인공지능에 대한 지적 호기심을 충족시킬 수 있는 다양한 이론과 예제를 다룬 입문서다. 인공지능을 이해하는 데 필요한 확률, 집합론 등의 수학 이론부터 인공지능 논리와 실생활 예제까지"
298,정보시스템감리 운영 및 유지보수 감리 점검 가이드(Ver.2.0),한국정보화진흥원,진한엠앤비,"행정기관 등에서 추진하는 정보시스템 운영·유지보수 사업의 감리 점검을 위한 세부적인 기준을 제시하고자한다. 정보시스템 운영·유지보수 감리 대상을 개발SW, 상용SW, 인프라로 구분하고 이들 감리 대상에"
299,코딩없는 개발 DevOn NCD,김종윤,박영사,본서에서 소개하는 “DevOn NCD(No Coding Development)”는 프로그래밍 언어학습에 대한 걸림돌을 최소화하면서 창의적 문제해결을 가능하게 하는 새로운 소프트웨어 개발환경을 의미합니다. 다시 말하면 별도의
300,문제해결과 알고리즘(컴퓨팅사고력 향상을 위한),김재현,성균관대학교출판부,『문제해결과 알고리즘』은 컴퓨팅사고력에 대한 기본 개념에 관심이 있고 기본적인 코딩 능력을 갖추길 원하는 비전공자와 전공자 모두에게 적합한 교재이다. 컴퓨팅사고력과 기본적인 코딩 능력을 기반으로 한
